S.no,Name,Type,Weaknesses,Height,Weight,Gender,Category
#0001,Bulbasaur,Grass/Poison,Fire/Ice/Flying/Psychic,0.7 m,6.9 kg,male/female,Seed
#0002,Ivysaur,Grass/Poison,Fire/Ice/Flying/Psychic,1 m,13 kg,male/female,Seed
#0003,Venusaur,Grass/Poison,Fire/Ice/Flying/Psychic,2 m,100 kg,male/female,Seed
#0004,Charmander,Fire,Water/Ground/Rock,0.6 m,8.5 kg,male/female,Lizard
#0005,Charmeleon,Fire,Water/Ground/Rock,1.1 m,19 kg,male/female,Flame
#0006,Charizard,Fire/Flying,Water/Electric/Rock,1.7 m,90.5 kg,male/female,Flame
#0007,Squirtle,Water,Electric/Grass,0.5 m,9 kg,male/female,Tiny Turtle
#0008,Wartortle,Water,Electric/Grass,1 m,22.5 kg,male/female,Turtle
#0009,Blastoise,Water,Electric/Grass,1.6 m,85.5 kg,male/female,Shellfish
#0010,Caterpie,Bug,Fire/Flying/Rock,0.3 m,2.9 kg,male/female,Worm
#0011,Metapod,Bug,Fire/Flying/Rock,0.7 m,9.9 kg,male/female,Cocoon
#0012,Butterfree,Bug/Flying,Fire/Electric/Ice/Flying/Rock,1.1 m,32 kg,male/female,Butterfly
#0013,Weedle,Bug/Poison,Fire/Flying/Psychic/Rock,0.3 m,3.2 kg,male/female,Hairy Bug
#0014,Kakuna,Bug/Poison,Fire/Flying/Psychic/Rock,0.6 m,10 kg,male/female,Cocoon
#0015,Beedrill,Bug/Poison,Fire/Flying/Psychic/Rock,1 m,29.5 kg,male/female,Poison Bee
#0016,Pidgey,Normal/Flying,Electric/Ice/Rock,0.3 m,1.8 kg,male/female,Tiny Bird
#0017,Pidgeotto,Normal/Flying,Electric/Ice/Rock,1.1 m,30 kg,male/female,Bird
#0018,Pidgeot,Normal/Flying,Electric/Ice/Rock,1.5 m,39.5 kg,male/female,Bird
#0019,Rattata,Normal,Fighting,0.3 m,3.5 kg,male/female,Mouse
#0020,Raticate,Normal,Fighting,0.7 m,18.5 kg,male/female,Mouse
#0021,Spearow,Normal/Flying,Electric/Ice/Rock,0.3 m,2 kg,male/female,Tiny Bird
#0022,Fearow,Normal/Flying,Electric/Ice/Rock,1.2 m,38 kg,male/female,Beak
#0023,Ekans,Poison,Ground/Psychic,2 m,6.9 kg,male/female,Snake
#0024,Arbok,Poison,Ground/Psychic,3.5 m,65 kg,male/female,Cobra
#0025,Pikachu,Electric,Ground,0.4 m,6 kg,male/female,Mouse
#0026,Raichu,Electric,Ground,0.8 m,30 kg,male/female,Mouse
#0027,Sandshrew,Ground,Water/Grass/Ice,0.6 m,12 kg,male/female,Mouse
#0028,Sandslash,Ground,Water/Grass/Ice,1 m,29.5 kg,male/female,Mouse
#0029,Nidoran-F,Poison,Ground/Psychic,0.4 m,7 kg,female,Poison Pin
#0030,Nidorina,Poison,Ground/Psychic,0.8 m,20 kg,female,Poison Pin
#0031,Nidoqueen,Poison/Ground,Water/Ice/Ground/Psychic,1.3 m,60 kg,female,Drill
#0032,Nidoran-M,Poison,Ground/Psychic,0.5 m,9 kg,male,Poison Pin
#0033,Nidorino,Poison,Ground/Psychic,0.9 m,19.5 kg,male,Poison Pin
#0034,Nidoking,Poison/Ground,Water/Ice/Ground/Psychic,1.4 m,62 kg,male,Drill
#0035,Clefairy,Fairy,Poison/Steel,0.6 m,7.5 kg,male/female,Fairy
#0036,Clefable,Fairy,Poison/Steel,1.3 m,40 kg,male/female,Fairy
#0037,Vulpix,Fire,Water/Ground/Rock,0.6 m,9.9 kg,male/female,Fox
#0038,Ninetales,Fire,Water/Ground/Rock,1.1 m,19.9 kg,male/female,Fox
#0039,Jigglypuff,Normal/Fairy,Poison/Steel,0.5 m,5.5 kg,male/female,Balloon
#0040,Wigglytuff,Normal/Fairy,Poison/Steel,1 m,12 kg,male/female,Balloon
#0041,Zubat,Poison/Flying,Electric/Ice/Psychic/Rock,0.8 m,7.5 kg,male/female,Bat
#0042,Golbat,Poison/Flying,Electric/Ice/Psychic/Rock,1.6 m,55 kg,male/female,Bat
#0043,Oddish,Grass/Poison,Fire/Ice/Flying/Psychic,0.5 m,5.4 kg,male/female,Weed
#0044,Gloom,Grass/Poison,Fire/Ice/Flying/Psychic,0.8 m,8.6 kg,male/female,Weed
#0045,Vileplume,Grass/Poison,Fire/Ice/Flying/Psychic,1.2 m,18.6 kg,male/female,Flower
#0046,Paras,Bug/Grass,Fire/Ice/Poison/Flying/Bug/Rock,0.3 m,5.4 kg,male/female,Mushroom
#0047,Parasect,Bug/Grass,Fire/Ice/Poison/Flying/Bug/Rock,1 m,29.5 kg,male/female,Mushroom
#0048,Venonat,Bug/Poison,Fire/Flying/Psychic/Rock,1 m,30 kg,male/female,Insect
#0049,Venomoth,Bug/Poison,Fire/Flying/Psychic/Rock,1.5 m,12.5 kg,male/female,Poison Moth
#0050,Diglett,Ground,Water/Grass/Ice,0.2 m,0.8 kg,male/female,Mole
#0051,Dugtrio,Ground,Water/Grass/Ice,0.7 m,33.3 kg,male/female,Mole
#0052,Meowth,Normal,Fighting,0.4 m,4.2 kg,male/female,Scratch Cat
#0053,Persian,Normal,Fighting,1 m,32 kg,male/female,Classy Cat
#0054,Psyduck,Water,Electric/Grass,0.8 m,19.6 kg,male/female,Duck
#0055,Golduck,Water,Electric/Grass,1.7 m,76.6 kg,male/female,Duck
#0056,Mankey,Fighting,Flying/Psychic/Fairy,0.5 m,28 kg,male/female,Pig Monkey
#0057,Primeape,Fighting,Flying/Psychic/Fairy,1 m,32 kg,male/female,Pig Monkey
#0058,Growlithe,Fire,Water/Ground/Rock,0.7 m,19 kg,male/female,Puppy
#0059,Arcanine,Fire,Water/Ground/Rock,1.9 m,155 kg,male/female,Legendary
#0060,Poliwag,Water,Electric/Grass,0.6 m,12.4 kg,male/female,Tadpole
#0061,Poliwhirl,Water,Electric/Grass,1 m,20 kg,male/female,Tadpole
#0062,Poliwrath,Water/Fighting,Electric/Grass/Flying/Psychic/Fairy,1.3 m,54 kg,male/female,Tadpole
#0063,Abra,Psychic,Bug/Ghost/Dark,0.9 m,19.5 kg,male/female,Psi
#0064,Kadabra,Psychic,Bug/Ghost/Dark,1.3 m,56.5 kg,male/female,Psi
#0065,Alakazam,Psychic,Bug/Ghost/Dark,1.5 m,48 kg,male/female,Psi
#0066,Machop,Fighting,Flying/Psychic/Fairy,0.8 m,19.5 kg,male/female,Superpower
#0067,Machoke,Fighting,Flying/Psychic/Fairy,1.5 m,70.5 kg,male/female,Superpower
#0068,Machamp,Fighting,Flying/Psychic/Fairy,1.6 m,130 kg,male/female,Superpower
#0069,Bellsprout,Grass/Poison,Fire/Ice/Flying/Psychic,0.7 m,4 kg,male/female,Flower
#0070,Weepinbell,Grass/Poison,Fire/Ice/Flying/Psychic,1 m,6.4 kg,male/female,Flycatcher
#0071,Victreebel,Grass/Poison,Fire/Ice/Flying/Psychic,1.7 m,15.5 kg,male/female,Flycatcher
#0072,Tentacool,Water/Poison,Electric/Ground/Psychic,0.9 m,45.5 kg,male/female,Jellyfish
#0073,Tentacruel,Water/Poison,Electric/Ground/Psychic,1.6 m,55 kg,male/female,Jellyfish
#0074,Geodude,Rock/Ground,Water/Grass/Ice/Fighting/Ground/Steel,0.4 m,20 kg,male/female,Rock
#0075,Graveler,Rock/Ground,Water/Grass/Ice/Fighting/Ground/Steel,1 m,105 kg,male/female,Rock
#0076,Golem,Rock/Ground,Water/Grass/Ice/Fighting/Ground/Steel,1.4 m,300 kg,male/female,Megaton
#0077,Ponyta,Fire,Water/Ground/Rock,1 m,30 kg,male/female,Fire Horse
#0078,Rapidash,Fire,Water/Ground/Rock,1.7 m,95 kg,male/female,Fire Horse
#0079,Slowpoke,Water/Psychic,Electric/Grass/Bug/Ghost/Dark,1.2 m,36 kg,male/female,Dopey
#0080,Slowbro,Water/Psychic,Electric/Grass/Bug/Ghost/Dark,1.6 m,78.5 kg,male/female,Hermit Crab
#0081,Magnemite,Electric/Steel,Fire/Ground,0.3 m,6 kg,genderless,Magnet
#0082,Magneton,Electric/Steel,Fire/Ground,1 m,60 kg,genderless,Magnet
#0083,Farfetchd,Normal/Flying,Electric/Ice/Rock,0.8 m,15 kg,male/female,Wild Duck
#0084,Doduo,Normal/Flying,Electric/Ice/Rock,1.4 m,39.2 kg,male/female,Twin Bird
#0085,Dodrio,Normal/Flying,Electric/Ice/Rock,1.8 m,85.2 kg,male/female,Triple Bird
#0086,Seel,Water,Electric/Grass,1.1 m,90 kg,male/female,Sea Lion
#0087,Dewgong,Water/Ice,Electric/Grass/Fighting/Rock,1.7 m,120 kg,male/female,Sea Lion
#0088,Grimer,Poison,Ground/Psychic,0.9 m,30 kg,male/female,Sludge
#0089,Muk,Poison,Ground/Psychic,1.2 m,30 kg,male/female,Sludge
#0090,Shellder,Water,Electric/Grass,0.3 m,4 kg,male/female,Bivalve
#0091,Cloyster,Water/Ice,Electric/Grass/Fighting/Rock,1.5 m,132.5 kg,male/female,Bivalve
#0092,Gastly,Ghost/Poison,Ground/Psychic/Ghost/Dark,1.3 m,0.1 kg,male/female,Gas
#0093,Haunter,Ghost/Poison,Ground/Psychic/Ghost/Dark,1.6 m,0.1 kg,male/female,Gas
#0094,Gengar,Ghost/Poison,Ground/Psychic/Ghost/Dark,1.5 m,40.5 kg,male/female,Shadow
#0095,Onix,Rock/Ground,Water/Grass/Ice/Fighting/Ground/Steel,8.8 m,210 kg,male/female,Rock Snake
#0096,Drowzee,Psychic,Bug/Ghost/Dark,1 m,32.4 kg,male/female,Hypnosis
#0097,Hypno,Psychic,Bug/Ghost/Dark,1.6 m,75.6 kg,male/female,Hypnosis
#0098,Krabby,Water,Electric/Grass,0.4 m,6.5 kg,male/female,River Crab
#0099,Kingler,Water,Electric/Grass,1.3 m,60 kg,male/female,Pincer
#0100,Voltorb,Electric,Ground,0.5 m,10.4 kg,genderless,Ball
#0101,Electrode,Electric,Ground,1.2 m,66.6 kg,genderless,Ball
#0102,Exeggcute,Grass/Psychic,Fire/Ice/Poison/Flying/Bug/Ghost/Dark,0.4 m,2.5 kg,male/female,Egg
#0103,Exeggutor,Grass/Psychic,Fire/Ice/Poison/Flying/Bug/Ghost/Dark,2 m,120 kg,male/female,Coconut
#0104,Cubone,Ground,Water/Grass/Ice,0.4 m,6.5 kg,male/female,Lonely
#0105,Marowak,Ground,Water/Grass/Ice,1 m,45 kg,male/female,Bone Keeper
#0106,Hitmonlee,Fighting,Flying/Psychic/Fairy,1.5 m,49.8 kg,male,Kicking
#0107,Hitmonchan,Fighting,Flying/Psychic/Fairy,1.4 m,50.2 kg,male,Punching
#0108,Lickitung,Normal,Fighting,1.2 m,65.5 kg,male/female,Licking
#0109,Koffing,Poison,Ground/Psychic,0.6 m,1 kg,male/female,Poison Gas
#0110,Weezing,Poison,Ground/Psychic,1.2 m,9.5 kg,male/female,Poison Gas
#0111,Rhyhorn,Ground/Rock,Water/Grass/Ice/Fighting/Ground/Steel,1 m,115 kg,male/female,Spikes
#0112,Rhydon,Ground/Rock,Water/Grass/Ice/Fighting/Ground/Steel,1.9 m,120 kg,male/female,Drill
#0113,Chansey,Normal,Fighting,1.1 m,34.6 kg,female,Egg
#0114,Tangela,Grass,Fire/Ice/Poison/Flying/Bug,1 m,35 kg,male/female,Vine
#0115,Kangaskhan,Normal,Fighting,2.2 m,80 kg,female,Parent
#0116,Horsea,Water,Electric/Grass,0.4 m,8 kg,male/female,Dragon
#0117,Seadra,Water,Electric/Grass,1.2 m,25 kg,male/female,Dragon
#0118,Goldeen,Water,Electric/Grass,0.6 m,15 kg,male/female,Goldfish
#0119,Seaking,Water,Electric/Grass,1.3 m,39 kg,male/female,Goldfish
#0120,Staryu,Water,Electric/Grass,0.8 m,34.5 kg,genderless,Star Shape
#0121,Starmie,Water/Psychic,Electric/Grass/Bug/Ghost/Dark,1.1 m,80 kg,genderless,Mysterious
#0122,Mr-Mime,Psychic/Fairy,Poison/Ghost/Steel,1.3 m,54.5 kg,male/female,Barrier
#0123,Scyther,Bug/Flying,Fire/Electric/Ice/Flying/Rock,1.5 m,56 kg,male/female,Mantis
#0124,Jynx,Ice/Psychic,Fire/Bug/Rock/Ghost/Dark/Steel,1.4 m,40.6 kg,female,Human Shape
#0125,Electabuzz,Electric,Ground,1.1 m,30 kg,male/female,Electric
#0126,Magmar,Fire,Water/Ground/Rock,1.3 m,44.5 kg,male/female,Spitfire
#0127,Pinsir,Bug,Fire/Flying/Rock,1.5 m,55 kg,male/female,Stag Beetle
#0128,Tauros,Normal,Fighting,1.4 m,88.4 kg,male,Wild Bull
#0129,Magikarp,Water,Electric/Grass,0.9 m,10 kg,male/female,Fish
#0130,Gyarados,Water/Flying,Electric/Rock,6.5 m,235 kg,male/female,Atrocious
#0131,Lapras,Water/Ice,Electric/Grass/Fighting/Rock,2.5 m,220 kg,male/female,Transport
#0132,Ditto,Normal,Fighting,0.3 m,4 kg,genderless,Transform
#0133,Eevee,Normal,Fighting,0.3 m,6.5 kg,male/female,Evolution
#0134,Vaporeon,Water,Electric/Grass,1 m,29 kg,male/female,Bubble Jet
#0135,Jolteon,Electric,Ground,0.8 m,24.5 kg,male/female,Lightning
#0136,Flareon,Fire,Water/Ground/Rock,0.9 m,25 kg,male/female,Flame
#0137,Porygon,Normal,Fighting,0.8 m,36.5 kg,genderless,Virtual
#0138,Omanyte,Rock/Water,Electric/Grass/Fighting/Ground,0.4 m,7.5 kg,male/female,Spiral
#0139,Omastar,Rock/Water,Electric/Grass/Fighting/Ground,1 m,35 kg,male/female,Spiral
#0140,Kabuto,Rock/Water,Electric/Grass/Fighting/Ground,0.5 m,11.5 kg,male/female,Shellfish
#0141,Kabutops,Rock/Water,Electric/Grass/Fighting/Ground,1.3 m,40.5 kg,male/female,Shellfish
#0142,Aerodactyl,Rock/Flying,Water/Electric/Ice/Rock/Steel,1.8 m,59 kg,male/female,Fossil
#0143,Snorlax,Normal,Fighting,2.1 m,460 kg,male/female,Sleeping
#0144,Articuno,Ice/Flying,Fire/Electric/Rock/Steel,1.7 m,55.4 kg,genderless,Freeze
#0145,Zapdos,Electric/Flying,Ice/Rock,1.6 m,52.6 kg,genderless,Electric
#0146,Moltres,Fire/Flying,Water/Electric/Rock,2 m,60 kg,genderless,Flame
#0147,Dratini,Dragon,Ice/Dragon/Fairy,1.8 m,3.3 kg,male/female,Dragon
#0148,Dragonair,Dragon,Ice/Dragon/Fairy,4 m,16.5 kg,male/female,Dragon
#0149,Dragonite,Dragon/Flying,Ice/Rock/Dragon/Fairy,2.2 m,210 kg,male/female,Dragon
#0150,Mewtwo,Psychic,Bug/Ghost/Dark,2 m,122 kg,genderless,Genetic
#0151,Mew,Psychic,Bug/Ghost/Dark,0.4 m,4 kg,genderless,New Species
#0152,Chikorita,Grass,Fire/Ice/Poison/Flying/Bug,0.9 m,6.4 kg,male/female,Leaf
#0153,Bayleef,Grass,Fire/Ice/Poison/Flying/Bug,1.2 m,15.8 kg,male/female,Leaf
#0154,Meganium,Grass,Fire/Ice/Poison/Flying/Bug,1.8 m,100.5 kg,male/female,Herb
#0155,Cyndaquil,Fire,Water/Ground/Rock,0.5 m,7.9 kg,male/female,Fire Mouse
#0156,Quilava,Fire,Water/Ground/Rock,0.9 m,19 kg,male/female,Volcano
#0157,Typhlosion,Fire,Water/Ground/Rock,1.7 m,79.5 kg,male/female,Volcano
#0158,Totodile,Water,Electric/Grass,0.6 m,9.5 kg,male/female,Big Jaw
#0159,Croconaw,Water,Electric/Grass,1.1 m,25 kg,male/female,Big Jaw
#0160,Feraligatr,Water,Electric/Grass,2.3 m,88.8 kg,male/female,Big Jaw
#0161,Sentret,Normal,Fighting,0.8 m,6 kg,male/female,Scout
#0162,Furret,Normal,Fighting,1.8 m,32.5 kg,male/female,Long Body
#0163,Hoothoot,Normal/Flying,Electric/Ice/Rock,0.7 m,21.2 kg,male/female,Owl
#0164,Noctowl,Normal/Flying,Electric/Ice/Rock,1.6 m,40.8 kg,male/female,Owl
#0165,Ledyba,Bug/Flying,Fire/Electric/Ice/Flying/Rock,1 m,10.8 kg,male/female,Five Star
#0166,Ledian,Bug/Flying,Fire/Electric/Ice/Flying/Rock,1.4 m,35.6 kg,male/female,Five Star
#0167,Spinarak,Bug/Poison,Fire/Flying/Psychic/Rock,0.5 m,8.5 kg,male/female,String Spit
#0168,Ariados,Bug/Poison,Fire/Flying/Psychic/Rock,1.1 m,33.5 kg,male/female,Long Leg
#0169,Crobat,Poison/Flying,Electric/Ice/Psychic/Rock,1.8 m,75 kg,male/female,Bat
#0170,Chinchou,Water/Electric,Grass/Ground,0.5 m,12 kg,male/female,Angler
#0171,Lanturn,Water/Electric,Grass/Ground,1.2 m,22.5 kg,male/female,Light
#0172,Pichu,Electric,Ground,0.3 m,2 kg,male/female,Tiny Mouse
#0173,Cleffa,Fairy,Poison/Steel,0.3 m,3 kg,male/female,Star Shape
#0174,Igglybuff,Normal/Fairy,Poison/Steel,0.3 m,1 kg,male/female,Balloon
#0175,Togepi,Fairy,Poison/Steel,0.3 m,1.5 kg,male/female,Spike Ball
#0176,Togetic,Fairy/Flying,Electric/Ice/Poison/Rock/Steel,0.6 m,3.2 kg,male/female,Happiness
#0177,Natu,Psychic/Flying,Electric/Ice/Rock/Ghost/Dark,0.2 m,2 kg,male/female,Tiny Bird
#0178,Xatu,Psychic/Flying,Electric/Ice/Rock/Ghost/Dark,1.5 m,15 kg,male/female,Mystic
#0179,Mareep,Electric,Ground,0.6 m,7.8 kg,male/female,Wool
#0180,Flaaffy,Electric,Ground,0.8 m,13.3 kg,male/female,Wool
#0181,Ampharos,Electric,Ground,1.4 m,61.5 kg,male/female,Light
#0182,Bellossom,Grass,Fire/Ice/Poison/Flying/Bug,0.4 m,5.8 kg,male/female,Flower
#0183,Marill,Water/Fairy,Electric/Grass/Poison,0.4 m,8.5 kg,male/female,Aqua Mouse
#0184,Azumarill,Water/Fairy,Electric/Grass/Poison,0.8 m,28.5 kg,male/female,Aqua Rabbit
#0185,Sudowoodo,Rock,Water/Grass/Fighting/Ground/Steel,1.2 m,38 kg,male/female,Imitation
#0186,Politoed,Water,Electric/Grass,1.1 m,33.9 kg,male/female,Frog
#0187,Hoppip,Grass/Flying,Fire/Ice/Poison/Flying/Rock,0.4 m,0.5 kg,male/female,Cottonweed
#0188,Skiploom,Grass/Flying,Fire/Ice/Poison/Flying/Rock,0.6 m,1 kg,male/female,Cottonweed
#0189,Jumpluff,Grass/Flying,Fire/Ice/Poison/Flying/Rock,0.8 m,3 kg,male/female,Cottonweed
#0190,Aipom,Normal,Fighting,0.8 m,11.5 kg,male/female,Long Tail
#0191,Sunkern,Grass,Fire/Ice/Poison/Flying/Bug,0.3 m,1.8 kg,male/female,Seed
#0192,Sunflora,Grass,Fire/Ice/Poison/Flying/Bug,0.8 m,8.5 kg,male/female,Sun
#0193,Yanma,Bug/Flying,Fire/Electric/Ice/Flying/Rock,1.2 m,38 kg,male/female,Clear Wing
#0194,Wooper,Water/Ground,Grass,0.4 m,8.5 kg,male/female,Water Fish
#0195,Quagsire,Water/Ground,Grass,1.4 m,75 kg,male/female,Water Fish
#0196,Espeon,Psychic,Bug/Ghost/Dark,0.9 m,26.5 kg,male/female,Sun
#0197,Umbreon,Dark,Fighting/Bug/Fairy,1 m,27 kg,male/female,Moonlight
#0198,Murkrow,Dark/Flying,Electric/Ice/Rock/Fairy,0.5 m,2.1 kg,male/female,Darkness
#0199,Slowking,Water/Psychic,Electric/Grass/Bug/Ghost/Dark,2 m,79.5 kg,male/female,Royal
#0200,Misdreavus,Ghost,Ghost/Dark,0.7 m,1 kg,male/female,Screech
#0201,Unown,Psychic,Bug/Ghost/Dark,0.5 m,5 kg,genderless,Symbol
#0202,Wobbuffet,Psychic,Bug/Ghost/Dark,1.3 m,28.5 kg,male/female,Patient
#0203,Girafarig,Normal/Psychic,Bug/Dark,1.5 m,41.5 kg,male/female,Long Neck
#0204,Pineco,Bug,Fire/Flying/Rock,0.6 m,7.2 kg,male/female,Bagworm
#0205,Forretress,Bug/Steel,Fire,1.2 m,125.8 kg,male/female,Bagworm
#0206,Dunsparce,Normal,Fighting,1.5 m,14 kg,male/female,Land Snake
#0207,Gligar,Ground/Flying,Water/Ice,1.1 m,64.8 kg,male/female,Fly Scorpion
#0208,Steelix,Steel/Ground,Fire/Water/Ground,9.2 m,400 kg,male/female,Iron Snake
#0209,Snubbull,Fairy,Poison/Steel,0.6 m,7.8 kg,male/female,Fairy
#0210,Granbull,Fairy,Poison/Steel,1.4 m,48.7 kg,male/female,Fairy
#0211,Qwilfish,Water/Poison,Electric/Ground/Psychic,0.5 m,3.9 kg,male/female,Balloon
#0212,Scizor,Bug/Steel,Fire,1.8 m,118 kg,male/female,Pincer
#0213,Shuckle,Bug/Rock,Water/Rock/Steel,0.6 m,20.5 kg,male/female,Mold
#0214,Heracross,Bug/Fighting,Fire/Flying/Psychic/Fairy,1.5 m,54 kg,male/female,Single Horn
#0215,Sneasel,Dark/Ice,Fire/Fighting/Bug/Rock/Steel/Fairy,0.9 m,28 kg,male/female,Sharp Claw
#0216,Teddiursa,Normal,Fighting,0.6 m,8.8 kg,male/female,Little Bear
#0217,Ursaring,Normal,Fighting,1.8 m,125.8 kg,male/female,Hibernator
#0218,Slugma,Fire,Water/Ground/Rock,0.7 m,35 kg,male/female,Lava
#0219,Magcargo,Fire/Rock,Water/Fighting/Ground/Rock,0.8 m,55 kg,male/female,Lava
#0220,Swinub,Ice/Ground,Fire/Water/Grass/Fighting/Steel,0.4 m,6.5 kg,male/female,Pig
#0221,Piloswine,Ice/Ground,Fire/Water/Grass/Fighting/Steel,1.1 m,55.8 kg,male/female,Swine
#0222,Corsola,Water/Rock,Electric/Grass/Fighting/Ground,0.6 m,5 kg,male/female,Coral
#0223,Remoraid,Water,Electric/Grass,0.6 m,12 kg,male/female,Jet
#0224,Octillery,Water,Electric/Grass,0.9 m,28.5 kg,male/female,Jet
#0225,Delibird,Ice/Flying,Fire/Electric/Rock/Steel,0.9 m,16 kg,male/female,Delivery
#0226,Mantine,Water/Flying,Electric/Rock,2.1 m,220 kg,male/female,Kite
#0227,Skarmory,Steel/Flying,Fire/Electric,1.7 m,50.5 kg,male/female,Armor Bird
#0228,Houndour,Dark/Fire,Water/Fighting/Ground/Rock,0.6 m,10.8 kg,male/female,Dark
#0229,Houndoom,Dark/Fire,Water/Fighting/Ground/Rock,1.4 m,35 kg,male/female,Dark
#0230,Kingdra,Water/Dragon,Dragon/Fairy,1.8 m,152 kg,male/female,Dragon
#0231,Phanpy,Ground,Water/Grass/Ice,0.5 m,33.5 kg,male/female,Long Nose
#0232,Donphan,Ground,Water/Grass/Ice,1.1 m,120 kg,male/female,Armor
#0233,Porygon2,Normal,Fighting,0.6 m,32.5 kg,genderless,Virtual
#0234,Stantler,Normal,Fighting,1.4 m,71.2 kg,male/female,Big Horn
#0235,Smeargle,Normal,Fighting,1.2 m,58 kg,male/female,Painter
#0236,Tyrogue,Fighting,Flying/Psychic/Fairy,0.7 m,21 kg,male,Scuffle
#0237,Hitmontop,Fighting,Flying/Psychic/Fairy,1.4 m,48 kg,male,Handstand
#0238,Smoochum,Ice/Psychic,Fire/Bug/Rock/Ghost/Dark/Steel,0.4 m,6 kg,female,Kiss
#0239,Elekid,Electric,Ground,0.6 m,23.5 kg,male/female,Electric
#0240,Magby,Fire,Water/Ground/Rock,0.7 m,21.4 kg,male/female,Live Coal
#0241,Miltank,Normal,Fighting,1.2 m,75.5 kg,female,Milk Cow
#0242,Blissey,Normal,Fighting,1.5 m,46.8 kg,female,Happiness
#0243,Raikou,Electric,Ground,1.9 m,178 kg,genderless,Thunder
#0244,Entei,Fire,Water/Ground/Rock,2.1 m,198 kg,genderless,Volcano
#0245,Suicune,Water,Electric/Grass,2 m,187 kg,genderless,Aurora
#0246,Larvitar,Rock/Ground,Water/Grass/Ice/Fighting/Ground/Steel,0.6 m,72 kg,male/female,Rock Skin
#0247,Pupitar,Rock/Ground,Water/Grass/Ice/Fighting/Ground/Steel,1.2 m,152 kg,male/female,Hard Shell
#0248,Tyranitar,Rock/Dark,Water/Grass/Fighting/Ground/Bug/Steel/Fairy,2 m,202 kg,male/female,Armor
#0249,Lugia,Psychic/Flying,Electric/Ice/Rock/Ghost/Dark,5.2 m,216 kg,genderless,Diving
#0250,Ho-Oh,Fire/Flying,Water/Electric/Rock,3.8 m,199 kg,genderless,Rainbow
#0251,Celebi,Psychic/Grass,Fire/Ice/Poison/Flying/Bug/Ghost/Dark,0.6 m,5 kg,genderless,Time Travel
#0252,Treecko,Grass,Fire/Ice/Poison/Flying/Bug,0.5 m,5 kg,male/female,Wood Gecko
#0253,Grovyle,Grass,Fire/Ice/Poison/Flying/Bug,0.9 m,21.6 kg,male/female,Wood Gecko
#0254,Sceptile,Grass,Fire/Ice/Poison/Flying/Bug,1.7 m,52.2 kg,male/female,Forest
#0255,Torchic,Fire,Water/Ground/Rock,0.4 m,2.5 kg,male/female,Chick
#0256,Combusken,Fire/Fighting,Water/Ground/Flying/Psychic,0.9 m,19.5 kg,male/female,Young Fowl
#0257,Blaziken,Fire/Fighting,Water/Ground/Flying/Psychic,1.9 m,52 kg,male/female,Blaze
#0258,Mudkip,Water,Electric/Grass,0.4 m,7.6 kg,male/female,Mud Fish
#0259,Marshtomp,Water/Ground,Grass,0.7 m,28 kg,male/female,Mud Fish
#0260,Swampert,Water/Ground,Grass,1.5 m,81.9 kg,male/female,Mud Fish
#0261,Poochyena,Dark,Fighting/Bug/Fairy,0.5 m,13.6 kg,male/female,Bite
#0262,Mightyena,Dark,Fighting/Bug/Fairy,1 m,37 kg,male/female,Bite
#0263,Zigzagoon,Normal,Fighting,0.4 m,17.5 kg,male/female,Tiny Raccoon
#0264,Linoone,Normal,Fighting,0.5 m,32.5 kg,male/female,Rushing
#0265,Wurmple,Bug,Fire/Flying/Rock,0.3 m,3.6 kg,male/female,Worm
#0266,Silcoon,Bug,Fire/Flying/Rock,0.6 m,10 kg,male/female,Cocoon
#0267,Beautifly,Bug/Flying,Fire/Electric/Ice/Flying/Rock,1 m,28.4 kg,male/female,Butterfly
#0268,Cascoon,Bug,Fire/Flying/Rock,0.7 m,11.5 kg,male/female,Cocoon
#0269,Dustox,Bug/Poison,Fire/Flying/Psychic/Rock,1.2 m,31.6 kg,male/female,Poison Moth
#0270,Lotad,Water/Grass,Poison/Flying/Bug,0.5 m,2.6 kg,male/female,Water Weed
#0271,Lombre,Water/Grass,Poison/Flying/Bug,1.2 m,32.5 kg,male/female,Jolly
#0272,Ludicolo,Water/Grass,Poison/Flying/Bug,1.5 m,55 kg,male/female,Carefree
#0273,Seedot,Grass,Fire/Ice/Poison/Flying/Bug,0.5 m,4 kg,male/female,Acorn
#0274,Nuzleaf,Grass/Dark,Fire/Ice/Fighting/Poison/Flying/Bug/Fairy,1 m,28 kg,male/female,Wily
#0275,Shiftry,Grass/Dark,Fire/Ice/Fighting/Poison/Flying/Bug/Fairy,1.3 m,59.6 kg,male/female,Wicked
#0276,Taillow,Normal/Flying,Electric/Ice/Rock,0.3 m,2.3 kg,male/female,Tiny Swallow
#0277,Swellow,Normal/Flying,Electric/Ice/Rock,0.7 m,19.8 kg,male/female,Swallow
#0278,Wingull,Water/Flying,Electric/Rock,0.6 m,9.5 kg,male/female,Seagull
#0279,Pelipper,Water/Flying,Electric/Rock,1.2 m,28 kg,male/female,Water Bird
#0280,Ralts,Psychic/Fairy,Poison/Ghost/Steel,0.4 m,6.6 kg,male/female,Feeling
#0281,Kirlia,Psychic/Fairy,Poison/Ghost/Steel,0.8 m,20.2 kg,male/female,Emotion
#0282,Gardevoir,Psychic/Fairy,Poison/Ghost/Steel,1.6 m,48.4 kg,male/female,Embrace
#0283,Surskit,Bug/Water,Electric/Flying/Rock,0.5 m,1.7 kg,male/female,Pond Skater
#0284,Masquerain,Bug/Flying,Fire/Electric/Ice/Flying/Rock,0.8 m,3.6 kg,male/female,Eyeball
#0285,Shroomish,Grass,Fire/Ice/Poison/Flying/Bug,0.4 m,4.5 kg,male/female,Mushroom
#0286,Breloom,Grass/Fighting,Fire/Ice/Poison/Flying/Psychic/Fairy,1.2 m,39.2 kg,male/female,Mushroom
#0287,Slakoth,Normal,Fighting,0.8 m,24 kg,male/female,Slacker
#0288,Vigoroth,Normal,Fighting,1.4 m,46.5 kg,male/female,Wild Monkey
#0289,Slaking,Normal,Fighting,2 m,130.5 kg,male/female,Lazy
#0290,Nincada,Bug/Ground,Fire/Water/Ice/Flying,0.5 m,5.5 kg,male/female,Trainee
#0291,Ninjask,Bug/Flying,Fire/Electric/Ice/Flying/Rock,0.8 m,12 kg,male/female,Ninja
#0292,Shedinja,Bug/Ghost,Fire/Flying/Rock/Ghost/Dark,0.8 m,1.2 kg,genderless,Shed
#0293,Whismur,Normal,Fighting,0.6 m,16.3 kg,male/female,Whisper
#0294,Loudred,Normal,Fighting,1 m,40.5 kg,male/female,Big Voice
#0295,Exploud,Normal,Fighting,1.5 m,84 kg,male/female,Loud Noise
#0296,Makuhita,Fighting,Flying/Psychic/Fairy,1 m,86.4 kg,male/female,Guts
#0297,Hariyama,Fighting,Flying/Psychic/Fairy,2.3 m,253.8 kg,male/female,Arm Thrust
#0298,Azurill,Normal/Fairy,Poison/Steel,0.2 m,2 kg,male/female,Polka Dot
#0299,Nosepass,Rock,Water/Grass/Fighting/Ground/Steel,1 m,97 kg,male/female,Compass
#0300,Skitty,Normal,Fighting,0.6 m,11 kg,male/female,Kitten
#0301,Delcatty,Normal,Fighting,1.1 m,32.6 kg,male/female,Prim
#0302,Sableye,Dark/Ghost,Fairy,0.5 m,11 kg,male/female,Darkness
#0303,Mawile,Steel/Fairy,Fire/Ground/Steel,0.6 m,11.5 kg,male/female,Deceiver
#0304,Aron,Steel/Rock,Water/Fighting/Ground/Steel,0.4 m,60 kg,male/female,Iron Armor
#0305,Lairon,Steel/Rock,Water/Fighting/Ground/Steel,0.9 m,120 kg,male/female,Iron Armor
#0306,Aggron,Steel/Rock,Water/Fighting/Ground/Steel,2.1 m,360 kg,male/female,Iron Armor
#0307,Meditite,Fighting/Psychic,Flying/Ghost/Fairy,0.6 m,11.2 kg,male/female,Meditate
#0308,Medicham,Fighting/Psychic,Flying/Ghost/Fairy,1.3 m,31.5 kg,male/female,Meditate
#0309,Electrike,Electric,Ground,0.6 m,15.2 kg,male/female,Lightning
#0310,Manectric,Electric,Ground,1.5 m,40.2 kg,male/female,Discharge
#0311,Plusle,Electric,Ground,0.4 m,4.2 kg,male/female,Cheering
#0312,Minun,Electric,Ground,0.4 m,4.2 kg,male/female,Cheering
#0313,Volbeat,Bug,Fire/Flying/Rock,0.7 m,17.7 kg,male,Firefly
#0314,Illumise,Bug,Fire/Flying/Rock,0.6 m,17.7 kg,female,Firefly
#0315,Roselia,Grass/Poison,Fire/Ice/Flying/Psychic,0.3 m,2 kg,male/female,Thorn
#0316,Gulpin,Poison,Ground/Psychic,0.4 m,10.3 kg,male/female,Stomach
#0317,Swalot,Poison,Ground/Psychic,1.7 m,80 kg,male/female,Poison Bag
#0318,Carvanha,Water/Dark,Electric/Grass/Fighting/Bug/Fairy,0.8 m,20.8 kg,male/female,Savage
#0319,Sharpedo,Water/Dark,Electric/Grass/Fighting/Bug/Fairy,1.8 m,88.8 kg,male/female,Brutal
#0320,Wailmer,Water,Electric/Grass,2 m,130 kg,male/female,Ball Whale
#0321,Wailord,Water,Electric/Grass,14.5 m,398 kg,male/female,Float Whale
#0322,Numel,Fire/Ground,Water/Ground,0.7 m,24 kg,male/female,Numb
#0323,Camerupt,Fire/Ground,Water/Ground,1.9 m,220 kg,male/female,Eruption
#0324,Torkoal,Fire,Water/Ground/Rock,0.5 m,80.4 kg,male/female,Coal
#0325,Spoink,Psychic,Bug/Ghost/Dark,0.7 m,30.6 kg,male/female,Bounce
#0326,Grumpig,Psychic,Bug/Ghost/Dark,0.9 m,71.5 kg,male/female,Manipulate
#0327,Spinda,Normal,Fighting,1.1 m,5 kg,male/female,Spot Panda
#0328,Trapinch,Ground,Water/Grass/Ice,0.7 m,15 kg,male/female,Ant Pit
#0329,Vibrava,Ground/Dragon,Ice/Dragon/Fairy,1.1 m,15.3 kg,male/female,Vibration
#0330,Flygon,Ground/Dragon,Ice/Dragon/Fairy,2 m,82 kg,male/female,Mystic
#0331,Cacnea,Grass,Fire/Ice/Poison/Flying/Bug,0.4 m,51.3 kg,male/female,Cactus
#0332,Cacturne,Grass/Dark,Fire/Ice/Fighting/Poison/Flying/Bug/Fairy,1.3 m,77.4 kg,male/female,Scarecrow
#0333,Swablu,Normal/Flying,Electric/Ice/Rock,0.4 m,1.2 kg,male/female,Cotton Bird
#0334,Altaria,Dragon/Flying,Ice/Rock/Dragon/Fairy,1.1 m,20.6 kg,male/female,Humming
#0335,Zangoose,Normal,Fighting,1.3 m,40.3 kg,male/female,Cat Ferret
#0336,Seviper,Poison,Ground/Psychic,2.7 m,52.5 kg,male/female,Fang Snake
#0337,Lunatone,Rock/Psychic,Water/Grass/Ground/Bug/Ghost/Dark/Steel,1 m,168 kg,genderless,Meteorite
#0338,Solrock,Rock/Psychic,Water/Grass/Ground/Bug/Ghost/Dark/Steel,1.2 m,154 kg,genderless,Meteorite
#0339,Barboach,Water/Ground,Grass,0.4 m,1.9 kg,male/female,Whiskers
#0340,Whiscash,Water/Ground,Grass,0.9 m,23.6 kg,male/female,Whiskers
#0341,Corphish,Water,Electric/Grass,0.6 m,11.5 kg,male/female,Ruffian
#0342,Crawdaunt,Water/Dark,Electric/Grass/Fighting/Bug/Fairy,1.1 m,32.8 kg,male/female,Rogue
#0343,Baltoy,Ground/Psychic,Water/Grass/Ice/Bug/Ghost/Dark,0.5 m,21.5 kg,genderless,Clay Doll
#0344,Claydol,Ground/Psychic,Water/Grass/Ice/Bug/Ghost/Dark,1.5 m,108 kg,genderless,Clay Doll
#0345,Lileep,Rock/Grass,Ice/Fighting/Bug/Steel,1 m,23.8 kg,male/female,Sea Lily
#0346,Cradily,Rock/Grass,Ice/Fighting/Bug/Steel,1.5 m,60.4 kg,male/female,Barnacle
#0347,Anorith,Rock/Bug,Water/Rock/Steel,0.7 m,12.5 kg,male/female,Old Shrimp
#0348,Armaldo,Rock/Bug,Water/Rock/Steel,1.5 m,68.2 kg,male/female,Plate
#0349,Feebas,Water,Electric/Grass,0.6 m,7.4 kg,male/female,Fish
#0350,Milotic,Water,Electric/Grass,6.2 m,162 kg,male/female,Tender
#0351,Castform,Normal,Fighting,0.3 m,0.8 kg,male/female,Weather
#0352,Kecleon,Normal,Fighting,1 m,22 kg,male/female,Color Swap
#0353,Shuppet,Ghost,Ghost/Dark,0.6 m,2.3 kg,male/female,Puppet
#0354,Banette,Ghost,Ghost/Dark,1.1 m,12.5 kg,male/female,Marionette
#0355,Duskull,Ghost,Ghost/Dark,0.8 m,15 kg,male/female,Requiem
#0356,Dusclops,Ghost,Ghost/Dark,1.6 m,30.6 kg,male/female,Beckon
#0357,Tropius,Grass/Flying,Fire/Ice/Poison/Flying/Rock,2 m,100 kg,male/female,Fruit
#0358,Chimecho,Psychic,Bug/Ghost/Dark,0.6 m,1 kg,male/female,Wind Chime
#0359,Absol,Dark,Fighting/Bug/Fairy,1.2 m,47 kg,male/female,Disaster
#0360,Wynaut,Psychic,Bug/Ghost/Dark,0.6 m,14 kg,male/female,Bright
#0361,Snorunt,Ice,Fire/Fighting/Rock/Steel,0.7 m,16.8 kg,male/female,Snow Hat
#0362,Glalie,Ice,Fire/Fighting/Rock/Steel,1.5 m,256.5 kg,male/female,Face
#0363,Spheal,Ice/Water,Electric/Grass/Fighting/Rock,0.8 m,39.5 kg,male/female,Clap
#0364,Sealeo,Ice/Water,Electric/Grass/Fighting/Rock,1.1 m,87.6 kg,male/female,Ball Roll
#0365,Walrein,Ice/Water,Electric/Grass/Fighting/Rock,1.4 m,150.6 kg,male/female,Ice Break
#0366,Clamperl,Water,Electric/Grass,0.4 m,52.5 kg,male/female,Bivalve
#0367,Huntail,Water,Electric/Grass,1.7 m,27 kg,male/female,Deep Sea
#0368,Gorebyss,Water,Electric/Grass,1.8 m,22.6 kg,male/female,South Sea
#0369,Relicanth,Water/Rock,Electric/Grass/Fighting/Ground,1 m,23.4 kg,male/female,Longevity
#0370,Luvdisc,Water,Electric/Grass,0.6 m,8.7 kg,male/female,Rendezvous
#0371,Bagon,Dragon,Ice/Dragon/Fairy,0.6 m,42.1 kg,male/female,Rock Head
#0372,Shelgon,Dragon,Ice/Dragon/Fairy,1.1 m,110.5 kg,male/female,Endurance
#0373,Salamence,Dragon/Flying,Ice/Rock/Dragon/Fairy,1.5 m,102.6 kg,male/female,Dragon
#0374,Beldum,Steel/Psychic,Fire/Ground/Ghost/Dark,0.6 m,95.2 kg,genderless,Iron Ball
#0375,Metang,Steel/Psychic,Fire/Ground/Ghost/Dark,1.2 m,202.5 kg,genderless,Iron Claw
#0376,Metagross,Steel/Psychic,Fire/Ground/Ghost/Dark,1.6 m,550 kg,genderless,Iron Leg
#0377,Regirock,Rock,Water/Grass/Fighting/Ground/Steel,1.7 m,230 kg,genderless,Rock Peak
#0378,Regice,Ice,Fire/Fighting/Rock/Steel,1.8 m,175 kg,genderless,Iceberg
#0379,Registeel,Steel,Fire/Ground,1.9 m,205 kg,genderless,Iron
#0380,Latias,Dragon/Psychic,Ice/Bug/Ghost/Dragon/Dark/Fairy,1.4 m,40 kg,female,Eon
#0381,Latios,Dragon/Psychic,Ice/Bug/Ghost/Dragon/Dark/Fairy,2 m,60 kg,male,Eon
#0382,Kyogre,Water,Electric/Grass,4.5 m,352 kg,genderless,Sea Basin
#0383,Groudon,Ground,Water/Grass/Ice,3.5 m,950 kg,genderless,Continent
#0384,Rayquaza,Dragon/Flying,Ice/Rock/Dragon/Fairy,7 m,206.5 kg,genderless,Sky High
#0385,Jirachi,Steel/Psychic,Fire/Ground/Ghost/Dark,0.3 m,1.1 kg,genderless,Wish
#0386,Deoxys-Normal,Psychic,Bug/Ghost/Dark,1.7 m,60.8 kg,genderless,DNA
#0387,Turtwig,Grass,Fire/Ice/Poison/Flying/Bug,0.4 m,10.2 kg,male/female,Tiny Leaf
#0388,Grotle,Grass,Fire/Ice/Poison/Flying/Bug,1.1 m,97 kg,male/female,Grove
#0389,Torterra,Grass/Ground,Fire/Ice/Flying/Bug,2.2 m,310 kg,male/female,Continent
#0390,Chimchar,Fire,Water/Ground/Rock,0.5 m,6.2 kg,male/female,Chimp
#0391,Monferno,Fire/Fighting,Water/Ground/Flying/Psychic,0.9 m,22 kg,male/female,Playful
#0392,Infernape,Fire/Fighting,Water/Ground/Flying/Psychic,1.2 m,55 kg,male/female,Flame
#0393,Piplup,Water,Electric/Grass,0.4 m,5.2 kg,male/female,Penguin
#0394,Prinplup,Water,Electric/Grass,0.8 m,23 kg,male/female,Penguin
#0395,Empoleon,Water/Steel,Electric/Ground,1.7 m,84.5 kg,male/female,Emperor
#0396,Starly,Normal/Flying,Electric/Ice/Rock,0.3 m,2 kg,male/female,Starling
#0397,Staravia,Normal/Flying,Electric/Ice/Rock,0.6 m,15.5 kg,male/female,Starling
#0398,Staraptor,Normal/Flying,Electric/Ice/Rock,1.2 m,24.9 kg,male/female,Predator
#0399,Bidoof,Normal,Fighting,0.5 m,20 kg,male/female,Plump Mouse
#0400,Bibarel,Normal/Water,Electric/Grass/Fighting,1 m,31.5 kg,male/female,Beaver
#0401,Kricketot,Bug,Fire/Flying/Rock,0.3 m,2.2 kg,male/female,Cricket
#0402,Kricketune,Bug,Fire/Flying/Rock,1 m,25.5 kg,male/female,Cricket
#0403,Shinx,Electric,Ground,0.5 m,9.5 kg,male/female,Flash
#0404,Luxio,Electric,Ground,0.9 m,30.5 kg,male/female,Spark
#0405,Luxray,Electric,Ground,1.4 m,42 kg,male/female,Gleam Eyes
#0406,Budew,Grass/Poison,Fire/Ice/Flying/Psychic,0.2 m,1.2 kg,male/female,Bud
#0407,Roserade,Grass/Poison,Fire/Ice/Flying/Psychic,0.9 m,14.5 kg,male/female,Bouquet
#0408,Cranidos,Rock,Water/Grass/Fighting/Ground/Steel,0.9 m,31.5 kg,male/female,Head Butt
#0409,Rampardos,Rock,Water/Grass/Fighting/Ground/Steel,1.6 m,102.5 kg,male/female,Head Butt
#0410,Shieldon,Rock/Steel,Water/Fighting/Ground/Steel,0.5 m,57 kg,male/female,Shield
#0411,Bastiodon,Rock/Steel,Water/Fighting/Ground/Steel,1.3 m,149.5 kg,male/female,Shield
#0412,Burmy,Bug,Fire/Flying/Rock,0.2 m,3.4 kg,male/female,Bagworm
#0413,Wormadam-Plant,Bug/Grass,Fire/Ice/Poison/Flying/Bug/Rock,0.5 m,6.5 kg,female,Bagworm
#0414,Mothim,Bug/Flying,Fire/Electric/Ice/Flying/Rock,0.9 m,23.3 kg,male,Moth
#0415,Combee,Bug/Flying,Fire/Electric/Ice/Flying/Rock,0.3 m,5.5 kg,male/female,Tiny Bee
#0416,Vespiquen,Bug/Flying,Fire/Electric/Ice/Flying/Rock,1.2 m,38.5 kg,female,Beehive
#0417,Pachirisu,Electric,Ground,0.4 m,3.9 kg,male/female,EleSquirrel
#0418,Buizel,Water,Electric/Grass,0.7 m,29.5 kg,male/female,Sea Weasel
#0419,Floatzel,Water,Electric/Grass,1.1 m,33.5 kg,male/female,Sea Weasel
#0420,Cherubi,Grass,Fire/Ice/Poison/Flying/Bug,0.4 m,3.3 kg,male/female,Cherry
#0421,Cherrim,Grass,Fire/Ice/Poison/Flying/Bug,0.5 m,9.3 kg,male/female,Blossom
#0422,Shellos,Water,Electric/Grass,0.3 m,6.3 kg,male/female,Sea Slug
#0423,Gastrodon,Water/Ground,Grass,0.9 m,29.9 kg,male/female,Sea Slug
#0424,Ambipom,Normal,Fighting,1.2 m,20.3 kg,male/female,Long Tail
#0425,Drifloon,Ghost/Flying,Electric/Ice/Rock/Ghost/Dark,0.4 m,1.2 kg,male/female,Balloon
#0426,Drifblim,Ghost/Flying,Electric/Ice/Rock/Ghost/Dark,1.2 m,15 kg,male/female,Blimp
#0427,Buneary,Normal,Fighting,0.4 m,5.5 kg,male/female,Rabbit
#0428,Lopunny,Normal,Fighting,1.2 m,33.3 kg,male/female,Rabbit
#0429,Mismagius,Ghost,Ghost/Dark,0.9 m,4.4 kg,male/female,Magical
#0430,Honchkrow,Dark/Flying,Electric/Ice/Rock/Fairy,0.9 m,27.3 kg,male/female,Big Boss
#0431,Glameow,Normal,Fighting,0.5 m,3.9 kg,male/female,Catty
#0432,Purugly,Normal,Fighting,1 m,43.8 kg,male/female,Tiger Cat
#0433,Chingling,Psychic,Bug/Ghost/Dark,0.2 m,0.6 kg,male/female,Bell
#0434,Stunky,Poison/Dark,Ground,0.4 m,19.2 kg,male/female,Skunk
#0435,Skuntank,Poison/Dark,Ground,1 m,38 kg,male/female,Skunk
#0436,Bronzor,Steel/Psychic,Fire/Ground/Ghost/Dark,0.5 m,60.5 kg,genderless,Bronze
#0437,Bronzong,Steel/Psychic,Fire/Ground/Ghost/Dark,1.3 m,187 kg,genderless,Bronze Bell
#0438,Bonsly,Rock,Water/Grass/Fighting/Ground/Steel,0.5 m,15 kg,male/female,Bonsai
#0439,Mime-Jr,Psychic/Fairy,Poison/Ghost/Steel,0.6 m,13 kg,male/female,Mime
#0440,Happiny,Normal,Fighting,0.6 m,24.4 kg,female,Playhouse
#0441,Chatot,Normal/Flying,Electric/Ice/Rock,0.5 m,1.9 kg,male/female,Music Note
#0442,Spiritomb,Ghost/Dark,Fairy,1 m,108 kg,male/female,Forbidden
#0443,Gible,Dragon/Ground,Ice/Dragon/Fairy,0.7 m,20.5 kg,male/female,Land Shark
#0444,Gabite,Dragon/Ground,Ice/Dragon/Fairy,1.4 m,56 kg,male/female,Cave
#0445,Garchomp,Dragon/Ground,Ice/Dragon/Fairy,1.9 m,95 kg,male/female,Mach
#0446,Munchlax,Normal,Fighting,0.6 m,105 kg,male/female,Big Eater
#0447,Riolu,Fighting,Flying/Psychic/Fairy,0.7 m,20.2 kg,male/female,Emanation
#0448,Lucario,Fighting/Steel,Fire/Ground,1.2 m,54 kg,male/female,Aura
#0449,Hippopotas,Ground,Water/Grass/Ice,0.8 m,49.5 kg,male/female,Hippo
#0450,Hippowdon,Ground,Water/Grass/Ice,2 m,300 kg,male/female,Heavyweight
#0451,Skorupi,Poison/Bug,Fire/Flying/Psychic/Rock,0.8 m,12 kg,male/female,Scorpion
#0452,Drapion,Poison/Dark,Ground,1.3 m,61.5 kg,male/female,Ogre Scorpion
#0453,Croagunk,Poison/Fighting,Ground/Flying/Psychic,0.7 m,23 kg,male/female,Toxic Mouth
#0454,Toxicroak,Poison/Fighting,Ground/Flying/Psychic,1.3 m,44.4 kg,male/female,Toxic Mouth
#0455,Carnivine,Grass,Fire/Ice/Poison/Flying/Bug,1.4 m,27 kg,male/female,Bug Catcher
#0456,Finneon,Water,Electric/Grass,0.4 m,7 kg,male/female,Wing Fish
#0457,Lumineon,Water,Electric/Grass,1.2 m,24 kg,male/female,Neon
#0458,Mantyke,Water/Flying,Electric/Rock,1 m,65 kg,male/female,Kite
#0459,Snover,Grass/Ice,Fire/Fighting/Poison/Flying/Bug/Rock/Steel,1 m,50.5 kg,male/female,Frost Tree
#0460,Abomasnow,Grass/Ice,Fire/Fighting/Poison/Flying/Bug/Rock/Steel,2.2 m,135.5 kg,male/female,Frost Tree
#0461,Weavile,Dark/Ice,Fire/Fighting/Bug/Rock/Steel/Fairy,1.1 m,34 kg,male/female,Sharp Claw
#0462,Magnezone,Electric/Steel,Fire/Ground,1.2 m,180 kg,genderless,Magnet Area
#0463,Lickilicky,Normal,Fighting,1.7 m,140 kg,male/female,Licking
#0464,Rhyperior,Ground/Rock,Water/Grass/Ice/Fighting/Ground/Steel,2.4 m,282.8 kg,male/female,Drill
#0465,Tangrowth,Grass,Fire/Ice/Poison/Flying/Bug,2 m,128.6 kg,male/female,Vine
#0466,Electivire,Electric,Ground,1.8 m,138.6 kg,male/female,Thunderbolt
#0467,Magmortar,Fire,Water/Ground/Rock,1.6 m,68 kg,male/female,Blast
#0468,Togekiss,Fairy/Flying,Electric/Ice/Poison/Rock/Steel,1.5 m,38 kg,male/female,Jubilee
#0469,Yanmega,Bug/Flying,Fire/Electric/Ice/Flying/Rock,1.9 m,51.5 kg,male/female,Ogre Darner
#0470,Leafeon,Grass,Fire/Ice/Poison/Flying/Bug,1 m,25.5 kg,male/female,Verdant
#0471,Glaceon,Ice,Fire/Fighting/Rock/Steel,0.8 m,25.9 kg,male/female,Fresh Snow
#0472,Gliscor,Ground/Flying,Water/Ice,2 m,42.5 kg,male/female,Fang Scorpion
#0473,Mamoswine,Ice/Ground,Fire/Water/Grass/Fighting/Steel,2.5 m,291 kg,male/female,Twin Tusk
#0474,Porygon-Z,Normal,Fighting,0.9 m,34 kg,genderless,Virtual
#0475,Gallade,Psychic/Fighting,Flying/Ghost/Fairy,1.6 m,52 kg,male,Blade
#0476,Probopass,Rock/Steel,Water/Fighting/Ground/Steel,1.4 m,340 kg,male/female,Compass
#0477,Dusknoir,Ghost,Ghost/Dark,2.2 m,106.6 kg,male/female,Gripper
#0478,Froslass,Ice/Ghost,Fire/Rock/Ghost/Dark/Steel,1.3 m,26.6 kg,female,Snow Land
#0479,Rotom,Electric/Ghost,Ground/Ghost/Dark,0.3 m,0.3 kg,genderless,Plasma
#0480,Uxie,Psychic,Bug/Ghost/Dark,0.3 m,0.3 kg,genderless,Knowledge
#0481,Mesprit,Psychic,Bug/Ghost/Dark,0.3 m,0.3 kg,genderless,Emotion
#0482,Azelf,Psychic,Bug/Ghost/Dark,0.3 m,0.3 kg,genderless,Willpower
#0483,Dialga,Steel/Dragon,Ground,5.4 m,683 kg,genderless,Temporal
#0484,Palkia,Water/Dragon,Dragon/Fairy,4.2 m,336 kg,genderless,Spatial
#0485,Heatran,Fire/Steel,Water/Ground,1.7 m,430 kg,male/female,Lava Dome
#0486,Regigigas,Normal,Fighting,3.7 m,420 kg,genderless,Colossal
#0487,Giratina-Altered,Ghost/Dragon,Ice/Ghost/Dragon/Dark/Fairy,4.5 m,750 kg,genderless,Renegade
#0488,Cresselia,Psychic,Bug/Ghost/Dark,1.5 m,85.6 kg,female,Lunar
#0489,Phione,Water,Electric/Grass,0.4 m,3.1 kg,genderless,Sea Drifter
#0490,Manaphy,Water,Electric/Grass,0.3 m,1.4 kg,genderless,Seafaring
#0491,Darkrai,Dark,Fighting/Bug/Fairy,1.5 m,50.5 kg,genderless,Pitch-Black
#0492,Shaymin-Land,Grass,Fire/Ice/Poison/Flying/Bug,0.2 m,2.1 kg,genderless,Gratitude
#0493,Arceus,Normal,Fighting,3.2 m,320 kg,genderless,Alpha
#0494,Victini,Psychic/Fire,Water/Ground/Rock/Ghost/Dark,0.4 m,4 kg,genderless,Victory
#0495,Snivy,Grass,Fire/Ice/Poison/Flying/Bug,0.6 m,8.1 kg,male/female,Grass Snake
#0496,Servine,Grass,Fire/Ice/Poison/Flying/Bug,0.8 m,16 kg,male/female,Grass Snake
#0497,Serperior,Grass,Fire/Ice/Poison/Flying/Bug,3.3 m,63 kg,male/female,Regal
#0498,Tepig,Fire,Water/Ground/Rock,0.5 m,9.9 kg,male/female,Fire Pig
#0499,Pignite,Fire/Fighting,Water/Ground/Flying/Psychic,1 m,55.5 kg,male/female,Fire Pig
#0500,Emboar,Fire/Fighting,Water/Ground/Flying/Psychic,1.6 m,150 kg,male/female,Mega Fire Pig
#0501,Oshawott,Water,Electric/Grass,0.5 m,5.9 kg,male/female,Sea Otter
#0502,Dewott,Water,Electric/Grass,0.8 m,24.5 kg,male/female,Discipline
#0503,Samurott,Water,Electric/Grass,1.5 m,94.6 kg,male/female,Formidable
#0504,Patrat,Normal,Fighting,0.5 m,11.6 kg,male/female,Scout
#0505,Watchog,Normal,Fighting,1.1 m,27 kg,male/female,Lookout
#0506,Lillipup,Normal,Fighting,0.4 m,4.1 kg,male/female,Puppy
#0507,Herdier,Normal,Fighting,0.9 m,14.7 kg,male/female,Loyal Dog
#0508,Stoutland,Normal,Fighting,1.2 m,61 kg,male/female,Big-Hearted
#0509,Purrloin,Dark,Fighting/Bug/Fairy,0.4 m,10.1 kg,male/female,Devious
#0510,Liepard,Dark,Fighting/Bug/Fairy,1.1 m,37.5 kg,male/female,Cruel
#0511,Pansage,Grass,Fire/Ice/Poison/Flying/Bug,0.6 m,10.5 kg,male/female,Grass Monkey
#0512,Simisage,Grass,Fire/Ice/Poison/Flying/Bug,1.1 m,30.5 kg,male/female,Thorn Monkey
#0513,Pansear,Fire,Water/Ground/Rock,0.6 m,11 kg,male/female,High Temp
#0514,Simisear,Fire,Water/Ground/Rock,1 m,28 kg,male/female,Ember
#0515,Panpour,Water,Electric/Grass,0.6 m,13.5 kg,male/female,Spray
#0516,Simipour,Water,Electric/Grass,1 m,29 kg,male/female,Geyser
#0517,Munna,Psychic,Bug/Ghost/Dark,0.6 m,23.3 kg,male/female,Dream Eater
#0518,Musharna,Psychic,Bug/Ghost/Dark,1.1 m,60.5 kg,male/female,Drowsing
#0519,Pidove,Normal/Flying,Electric/Ice/Rock,0.3 m,2.1 kg,male/female,Tiny Pigeon
#0520,Tranquill,Normal/Flying,Electric/Ice/Rock,0.6 m,15 kg,male/female,Wild Pigeon
#0521,Unfezant,Normal/Flying,Electric/Ice/Rock,1.2 m,29 kg,male/female,Proud
#0522,Blitzle,Electric,Ground,0.8 m,29.8 kg,male/female,Electrified
#0523,Zebstrika,Electric,Ground,1.6 m,79.5 kg,male/female,Thunderbolt
#0524,Roggenrola,Rock,Water/Grass/Fighting/Ground/Steel,0.4 m,18 kg,male/female,Mantle
#0525,Boldore,Rock,Water/Grass/Fighting/Ground/Steel,0.9 m,102 kg,male/female,Ore
#0526,Gigalith,Rock,Water/Grass/Fighting/Ground/Steel,1.7 m,260 kg,male/female,Compressed
#0527,Woobat,Psychic/Flying,Electric/Ice/Rock/Ghost/Dark,0.4 m,2.1 kg,male/female,Bat
#0528,Swoobat,Psychic/Flying,Electric/Ice/Rock/Ghost/Dark,0.9 m,10.5 kg,male/female,Courting
#0529,Drilbur,Ground,Water/Grass/Ice,0.3 m,8.5 kg,male/female,Mole
#0530,Excadrill,Ground/Steel,Fire/Water/Ground,0.7 m,40.4 kg,male/female,Subterrene
#0531,Audino,Normal,Fighting,1.1 m,31 kg,male/female,Hearing
#0532,Timburr,Fighting,Flying/Psychic/Fairy,0.6 m,12.5 kg,male/female,Muscular
#0533,Gurdurr,Fighting,Flying/Psychic/Fairy,1.2 m,40 kg,male/female,Muscular
#0534,Conkeldurr,Fighting,Flying/Psychic/Fairy,1.4 m,87 kg,male/female,Muscular
#0535,Tympole,Water,Electric/Grass,0.5 m,4.5 kg,male/female,Tadpole
#0536,Palpitoad,Water/Ground,Grass,0.8 m,17 kg,male/female,Vibration
#0537,Seismitoad,Water/Ground,Grass,1.5 m,62 kg,male/female,Vibration
#0538,Throh,Fighting,Flying/Psychic/Fairy,1.3 m,55.5 kg,male,Judo
#0539,Sawk,Fighting,Flying/Psychic/Fairy,1.4 m,51 kg,male,Karate
#0540,Sewaddle,Bug/Grass,Fire/Ice/Poison/Flying/Bug/Rock,0.3 m,2.5 kg,male/female,Sewing
#0541,Swadloon,Bug/Grass,Fire/Ice/Poison/Flying/Bug/Rock,0.5 m,7.3 kg,male/female,Leaf-Wrapped
#0542,Leavanny,Bug/Grass,Fire/Ice/Poison/Flying/Bug/Rock,1.2 m,20.5 kg,male/female,Nurturing
#0543,Venipede,Bug/Poison,Fire/Flying/Psychic/Rock,0.4 m,5.3 kg,male/female,Centipede
#0544,Whirlipede,Bug/Poison,Fire/Flying/Psychic/Rock,1.2 m,58.5 kg,male/female,Curlipede
#0545,Scolipede,Bug/Poison,Fire/Flying/Psychic/Rock,2.5 m,200.5 kg,male/female,Megapede
#0546,Cottonee,Grass/Fairy,Fire/Ice/Poison/Flying/Steel,0.3 m,0.6 kg,male/female,Cotton Puff
#0547,Whimsicott,Grass/Fairy,Fire/Ice/Poison/Flying/Steel,0.7 m,6.6 kg,male/female,Windveiled
#0548,Petilil,Grass,Fire/Ice/Poison/Flying/Bug,0.5 m,6.6 kg,female,Bulb
#0549,Lilligant,Grass,Fire/Ice/Poison/Flying/Bug,1.1 m,16.3 kg,female,Flowering
#0550,Basculin-Red-Striped,Water,Electric/Grass,1 m,18 kg,male/female,Hostile
#0551,Sandile,Ground/Dark,Water/Grass/Ice/Fighting/Bug/Fairy,0.7 m,15.2 kg,male/female,Desert Croc
#0552,Krokorok,Ground/Dark,Water/Grass/Ice/Fighting/Bug/Fairy,1 m,33.4 kg,male/female,Desert Croc
#0553,Krookodile,Ground/Dark,Water/Grass/Ice/Fighting/Bug/Fairy,1.5 m,96.3 kg,male/female,Intimidation
#0554,Darumaka,Fire,Water/Ground/Rock,0.6 m,37.5 kg,male/female,Zen Charm
#0555,Darmanitan-Standard,Fire,Water/Ground/Rock,1.3 m,92.9 kg,male/female,Blazing
#0556,Maractus,Grass,Fire/Ice/Poison/Flying/Bug,1 m,28 kg,male/female,Cactus
#0557,Dwebble,Bug/Rock,Water/Rock/Steel,0.3 m,14.5 kg,male/female,Rock Inn
#0558,Crustle,Bug/Rock,Water/Rock/Steel,1.4 m,200 kg,male/female,Stone Home
#0559,Scraggy,Dark/Fighting,Fighting/Flying/Fairy,0.6 m,11.8 kg,male/female,Shedding
#0560,Scrafty,Dark/Fighting,Fighting/Flying/Fairy,1.1 m,30 kg,male/female,Hoodlum
#0561,Sigilyph,Psychic/Flying,Electric/Ice/Rock/Ghost/Dark,1.4 m,14 kg,male/female,Avianoid
#0562,Yamask,Ghost,Ghost/Dark,0.5 m,1.5 kg,male/female,Spirit
#0563,Cofagrigus,Ghost,Ghost/Dark,1.7 m,76.5 kg,male/female,Coffin
#0564,Tirtouga,Water/Rock,Electric/Grass/Fighting/Ground,0.7 m,16.5 kg,male/female,Prototurtle
#0565,Carracosta,Water/Rock,Electric/Grass/Fighting/Ground,1.2 m,81 kg,male/female,Prototurtle
#0566,Archen,Rock/Flying,Water/Electric/Ice/Rock/Steel,0.5 m,9.5 kg,male/female,First Bird
#0567,Archeops,Rock/Flying,Water/Electric/Ice/Rock/Steel,1.4 m,32 kg,male/female,First Bird
#0568,Trubbish,Poison,Ground/Psychic,0.6 m,31 kg,male/female,Trash Bag
#0569,Garbodor,Poison,Ground/Psychic,1.9 m,107.3 kg,male/female,Trash Heap
#0570,Zorua,Dark,Fighting/Bug/Fairy,0.7 m,12.5 kg,male/female,Tricky Fox
#0571,Zoroark,Dark,Fighting/Bug/Fairy,1.6 m,81.1 kg,male/female,Illusion Fox
#0572,Minccino,Normal,Fighting,0.4 m,5.8 kg,male/female,Chinchilla
#0573,Cinccino,Normal,Fighting,0.5 m,7.5 kg,male/female,Scarf
#0574,Gothita,Psychic,Bug/Ghost/Dark,0.4 m,5.8 kg,male/female,Fixation
#0575,Gothorita,Psychic,Bug/Ghost/Dark,0.7 m,18 kg,male/female,Manipulate
#0576,Gothitelle,Psychic,Bug/Ghost/Dark,1.5 m,44 kg,male/female,Astral Body
#0577,Solosis,Psychic,Bug/Ghost/Dark,0.3 m,1 kg,male/female,Cell
#0578,Duosion,Psychic,Bug/Ghost/Dark,0.6 m,8 kg,male/female,Mitosis
#0579,Reuniclus,Psychic,Bug/Ghost/Dark,1 m,20.1 kg,male/female,Multiplying
#0580,Ducklett,Water/Flying,Electric/Rock,0.5 m,5.5 kg,male/female,Water Bird
#0581,Swanna,Water/Flying,Electric/Rock,1.3 m,24.2 kg,male/female,White Bird
#0582,Vanillite,Ice,Fire/Fighting/Rock/Steel,0.4 m,5.7 kg,male/female,Fresh Snow
#0583,Vanillish,Ice,Fire/Fighting/Rock/Steel,1.1 m,41 kg,male/female,Icy Snow
#0584,Vanilluxe,Ice,Fire/Fighting/Rock/Steel,1.3 m,57.5 kg,male/female,Snowstorm
#0585,Deerling,Normal/Grass,Fire/Ice/Fighting/Poison/Flying/Bug,0.6 m,19.5 kg,male/female,Season
#0586,Sawsbuck,Normal/Grass,Fire/Ice/Fighting/Poison/Flying/Bug,1.9 m,92.5 kg,male/female,Season
#0587,Emolga,Electric/Flying,Ice/Rock,0.4 m,5 kg,male/female,Sky Squirrel
#0588,Karrablast,Bug,Fire/Flying/Rock,0.5 m,5.9 kg,male/female,Clamping
#0589,Escavalier,Bug/Steel,Fire,1 m,33 kg,male/female,Cavalry
#0590,Foongus,Grass/Poison,Fire/Ice/Flying/Psychic,0.2 m,1 kg,male/female,Mushroom
#0591,Amoonguss,Grass/Poison,Fire/Ice/Flying/Psychic,0.6 m,10.5 kg,male/female,Mushroom
#0592,Frillish-Male,Water/Ghost,Electric/Grass/Ghost/Dark,1.2 m,33 kg,male/female,Floating
#0593,Jellicent-Male,Water/Ghost,Electric/Grass/Ghost/Dark,2.2 m,135 kg,male/female,Floating
#0594,Alomomola,Water,Electric/Grass,1.2 m,31.6 kg,male/female,Caring
#0595,Joltik,Bug/Electric,Fire/Rock,0.1 m,0.6 kg,male/female,Attaching
#0596,Galvantula,Bug/Electric,Fire/Rock,0.8 m,14.3 kg,male/female,EleSpider
#0597,Ferroseed,Grass/Steel,Fire,0.6 m,18.8 kg,male/female,Thorn Seed
#0598,Ferrothorn,Grass/Steel,Fire,1 m,110 kg,male/female,Thorn Pod
#0599,Klink,Steel,Fire/Ground,0.3 m,21 kg,genderless,Gear
#0600,Klang,Steel,Fire/Ground,0.6 m,51 kg,genderless,Gear
#0601,Klinklang,Steel,Fire/Ground,0.6 m,81 kg,genderless,Gear
#0602,Tynamo,Electric,Ground,0.2 m,0.3 kg,male/female,EleFish
#0603,Eelektrik,Electric,Ground,1.2 m,22 kg,male/female,EleFish
#0604,Eelektross,Electric,Ground,2.1 m,80.5 kg,male/female,EleFish
#0605,Elgyem,Psychic,Bug/Ghost/Dark,0.5 m,9 kg,male/female,Cerebral
#0606,Beheeyem,Psychic,Bug/Ghost/Dark,1 m,34.5 kg,male/female,Cerebral
#0607,Litwick,Ghost/Fire,Water/Ground/Rock/Ghost/Dark,0.3 m,3.1 kg,male/female,Candle
#0608,Lampent,Ghost/Fire,Water/Ground/Rock/Ghost/Dark,0.6 m,13 kg,male/female,Lamp
#0609,Chandelure,Ghost/Fire,Water/Ground/Rock/Ghost/Dark,1 m,34.3 kg,male/female,Luring
#0610,Axew,Dragon,Ice/Dragon/Fairy,0.6 m,18 kg,male/female,Tusk
#0611,Fraxure,Dragon,Ice/Dragon/Fairy,1 m,36 kg,male/female,Axe Jaw
#0612,Haxorus,Dragon,Ice/Dragon/Fairy,1.8 m,105.5 kg,male/female,Axe Jaw
#0613,Cubchoo,Ice,Fire/Fighting/Rock/Steel,0.5 m,8.5 kg,male/female,Chill
#0614,Beartic,Ice,Fire/Fighting/Rock/Steel,2.6 m,260 kg,male/female,Freezing
#0615,Cryogonal,Ice,Fire/Fighting/Rock/Steel,1.1 m,148 kg,genderless,Crystallizing
#0616,Shelmet,Bug,Fire/Flying/Rock,0.4 m,7.7 kg,male/female,Snail
#0617,Accelgor,Bug,Fire/Flying/Rock,0.8 m,25.3 kg,male/female,Shell Out
#0618,Stunfisk,Ground/Electric,Water/Grass/Ice/Ground,0.7 m,11 kg,male/female,Trap
#0619,Mienfoo,Fighting,Flying/Psychic/Fairy,0.9 m,20 kg,male/female,Martial Arts
#0620,Mienshao,Fighting,Flying/Psychic/Fairy,1.4 m,35.5 kg,male/female,Martial Arts
#0621,Druddigon,Dragon,Ice/Dragon/Fairy,1.6 m,139 kg,male/female,Cave
#0622,Golett,Ground/Ghost,Water/Grass/Ice/Ghost/Dark,1 m,92 kg,genderless,Automaton
#0623,Golurk,Ground/Ghost,Water/Grass/Ice/Ghost/Dark,2.8 m,330 kg,genderless,Automaton
#0624,Pawniard,Dark/Steel,Fire/Fighting/Ground,0.5 m,10.2 kg,male/female,Sharp Blade
#0625,Bisharp,Dark/Steel,Fire/Fighting/Ground,1.6 m,70 kg,male/female,Sword Blade
#0626,Bouffalant,Normal,Fighting,1.6 m,94.6 kg,male/female,Bash Buffalo
#0627,Rufflet,Normal/Flying,Electric/Ice/Rock,0.5 m,10.5 kg,male,Eaglet
#0628,Braviary,Normal/Flying,Electric/Ice/Rock,1.5 m,41 kg,male,Valiant
#0629,Vullaby,Dark/Flying,Electric/Ice/Rock/Fairy,0.5 m,9 kg,female,Diapered
#0630,Mandibuzz,Dark/Flying,Electric/Ice/Rock/Fairy,1.2 m,39.5 kg,female,Bone Vulture
#0631,Heatmor,Fire,Water/Ground/Rock,1.4 m,58 kg,male/female,Anteater
#0632,Durant,Bug/Steel,Fire,0.3 m,33 kg,male/female,Iron Ant
#0633,Deino,Dark/Dragon,Ice/Fighting/Bug/Dragon/Fairy,0.8 m,17.3 kg,male/female,Irate
#0634,Zweilous,Dark/Dragon,Ice/Fighting/Bug/Dragon/Fairy,1.4 m,50 kg,male/female,Hostile
#0635,Hydreigon,Dark/Dragon,Ice/Fighting/Bug/Dragon/Fairy,1.8 m,160 kg,male/female,Brutal
#0636,Larvesta,Bug/Fire,Water/Flying/Rock,1.1 m,28.8 kg,male/female,Torch
#0637,Volcarona,Bug/Fire,Water/Flying/Rock,1.6 m,46 kg,male/female,Sun
#0638,Cobalion,Steel/Fighting,Fire/Ground,2.1 m,250 kg,genderless,Iron Will
#0639,Terrakion,Rock/Fighting,Water/Grass/Fighting/Ground/Psychic/Steel/Fairy,1.9 m,260 kg,genderless,Cavern
#0640,Virizion,Grass/Fighting,Fire/Ice/Poison/Flying/Psychic/Fairy,2 m,200 kg,genderless,Grassland
#0641,Tornadus-Incarnate,Flying,Electric/Ice/Rock,1.5 m,63 kg,male,Cyclone
#0642,Thundurus-Incarnate,Electric/Flying,Ice/Rock,1.5 m,61 kg,male,Bolt Strike
#0643,Reshiram,Dragon/Fire,Ground/Rock/Dragon,3.2 m,330 kg,genderless,Vast White
#0644,Zekrom,Dragon/Electric,Ice/Ground/Dragon/Fairy,2.9 m,345 kg,genderless,Deep Black
#0645,Landorus-Incarnate,Ground/Flying,Water/Ice,1.5 m,68 kg,male,Abundance
#0646,Kyurem,Dragon/Ice,Fighting/Rock/Dragon/Steel/Fairy,3 m,325 kg,genderless,Boundary
#0647,Keldeo-Ordinary,Water/Fighting,Electric/Grass/Flying/Psychic/Fairy,1.4 m,48.5 kg,genderless,Colt
#0648,Meloetta-Aria,Normal/Psychic,Bug/Dark,0.6 m,6.5 kg,genderless,Melody
#0649,Genesect,Bug/Steel,Fire,1.5 m,82.5 kg,genderless,Paleozoic
#0650,Chespin,Grass,Fire/Ice/Poison/Flying/Bug,0.4 m,9 kg,male/female,Spiny Nut
#0651,Quilladin,Grass,Fire/Ice/Poison/Flying/Bug,0.7 m,29 kg,male/female,Spiny Armor
#0652,Chesnaught,Grass/Fighting,Fire/Ice/Poison/Flying/Psychic/Fairy,1.6 m,90 kg,male/female,Spiny Armor
#0653,Fennekin,Fire,Water/Ground/Rock,0.4 m,9.4 kg,male/female,Fox
#0654,Braixen,Fire,Water/Ground/Rock,1 m,14.5 kg,male/female,Fox
#0655,Delphox,Fire/Psychic,Water/Ground/Rock/Ghost/Dark,1.5 m,39 kg,male/female,Fox
#0656,Froakie,Water,Electric/Grass,0.3 m,7 kg,male/female,Bubble Frog
#0657,Frogadier,Water,Electric/Grass,0.6 m,10.9 kg,male/female,Bubble Frog
#0658,Greninja,Water/Dark,Electric/Grass/Fighting/Bug/Fairy,1.5 m,40 kg,male/female,Ninja
#0659,Bunnelby,Normal,Fighting,0.4 m,5 kg,male/female,Digging
#0660,Diggersby,Normal/Ground,Water/Grass/Ice/Fighting,1 m,42.4 kg,male/female,Digging
#0661,Fletchling,Normal/Flying,Electric/Ice/Rock,0.3 m,1.7 kg,male/female,Tiny Robin
#0662,Fletchinder,Fire/Flying,Water/Electric/Rock,0.7 m,16 kg,male/female,Ember
#0663,Talonflame,Fire/Flying,Water/Electric/Rock,1.2 m,24.5 kg,male/female,Scorching
#0664,Scatterbug,Bug,Fire/Flying/Rock,0.3 m,2.5 kg,male/female,Scatterdust
#0665,Spewpa,Bug,Fire/Flying/Rock,0.3 m,8.4 kg,male/female,Scatterdust
#0666,Vivillon,Bug/Flying,Fire/Electric/Ice/Flying/Rock,1.2 m,17 kg,male/female,Scale
#0667,Litleo,Fire/Normal,Water/Fighting/Ground/Rock,0.6 m,13.5 kg,male/female,Lion Cub
#0668,Pyroar-Male,Fire/Normal,Water/Fighting/Ground/Rock,1.5 m,81.5 kg,male/female,Royal
#0669,Flabebe,Fairy,Poison/Steel,0.1 m,0.1 kg,female,Single Bloom
#0670,Floette,Fairy,Poison/Steel,0.2 m,0.9 kg,female,Single Bloom
#0671,Florges,Fairy,Poison/Steel,1.1 m,10 kg,female,Garden
#0672,Skiddo,Grass,Fire/Ice/Poison/Flying/Bug,0.9 m,31 kg,male/female,Mount
#0673,Gogoat,Grass,Fire/Ice/Poison/Flying/Bug,1.7 m,91 kg,male/female,Mount
#0674,Pancham,Fighting,Flying/Psychic/Fairy,0.6 m,8 kg,male/female,Playful
#0675,Pangoro,Fighting/Dark,Fighting/Flying/Fairy,2.1 m,136 kg,male/female,Daunting
#0676,Furfrou,Normal,Fighting,1.2 m,28 kg,male/female,Poodle
#0677,Espurr,Psychic,Bug/Ghost/Dark,0.3 m,3.5 kg,male/female,Restraint
#0678,Meowstic-Male,Psychic,Bug/Ghost/Dark,0.6 m,8.5 kg,male/female,Constraint
#0679,Honedge,Steel/Ghost,Fire/Ground/Ghost/Dark,0.8 m,2 kg,male/female,Sword
#0680,Doublade,Steel/Ghost,Fire/Ground/Ghost/Dark,0.8 m,4.5 kg,male/female,Sword
#0681,Aegislash-Shield,Steel/Ghost,Fire/Ground/Ghost/Dark,1.7 m,53 kg,male/female,Royal Sword
#0682,Spritzee,Fairy,Poison/Steel,0.2 m,0.5 kg,male/female,Perfume
#0683,Aromatisse,Fairy,Poison/Steel,0.8 m,15.5 kg,male/female,Fragrance
#0684,Swirlix,Fairy,Poison/Steel,0.4 m,3.5 kg,male/female,Cotton Candy
#0685,Slurpuff,Fairy,Poison/Steel,0.8 m,5 kg,male/female,Meringue
#0686,Inkay,Dark/Psychic,Bug/Fairy,0.4 m,3.5 kg,male/female,Revolving
#0687,Malamar,Dark/Psychic,Bug/Fairy,1.5 m,47 kg,male/female,Overturning
#0688,Binacle,Rock/Water,Electric/Grass/Fighting/Ground,0.5 m,31 kg,male/female,Two-Handed
#0689,Barbaracle,Rock/Water,Electric/Grass/Fighting/Ground,1.3 m,96 kg,male/female,Collective
#0690,Skrelp,Poison/Water,Electric/Ground/Psychic,0.5 m,7.3 kg,male/female,Mock Kelp
#0691,Dragalge,Poison/Dragon,Ice/Ground/Psychic/Dragon,1.8 m,81.5 kg,male/female,Mock Kelp
#0692,Clauncher,Water,Electric/Grass,0.5 m,8.3 kg,male/female,Water Gun
#0693,Clawitzer,Water,Electric/Grass,1.3 m,35.3 kg,male/female,Howitzer
#0694,Helioptile,Electric/Normal,Fighting/Ground,0.5 m,6 kg,male/female,Generator
#0695,Heliolisk,Electric/Normal,Fighting/Ground,1 m,21 kg,male/female,Generator
#0696,Tyrunt,Rock/Dragon,Ice/Fighting/Ground/Dragon/Steel/Fairy,0.8 m,26 kg,male/female,Royal Heir
#0697,Tyrantrum,Rock/Dragon,Ice/Fighting/Ground/Dragon/Steel/Fairy,2.5 m,270 kg,male/female,Despot
#0698,Amaura,Rock/Ice,Water/Grass/Fighting/Ground/Rock/Steel,1.3 m,25.2 kg,male/female,Tundra
#0699,Aurorus,Rock/Ice,Water/Grass/Fighting/Ground/Rock/Steel,2.7 m,225 kg,male/female,Tundra
#0700,Sylveon,Fairy,Poison/Steel,1 m,23.5 kg,male/female,Intertwining
#0701,Hawlucha,Fighting/Flying,Electric/Ice/Flying/Psychic/Fairy,0.8 m,21.5 kg,male/female,Wrestling
#0702,Dedenne,Electric/Fairy,Poison/Ground,0.2 m,2.2 kg,male/female,Antenna
#0703,Carbink,Rock/Fairy,Water/Grass/Ground/Steel,0.3 m,5.7 kg,genderless,Jewel
#0704,Goomy,Dragon,Ice/Dragon/Fairy,0.3 m,2.8 kg,male/female,Soft Tissue
#0705,Sliggoo,Dragon,Ice/Dragon/Fairy,0.8 m,17.5 kg,male/female,Soft Tissue
#0706,Goodra,Dragon,Ice/Dragon/Fairy,2 m,150.5 kg,male/female,Dragon
#0707,Klefki,Steel/Fairy,Fire/Ground/Steel,0.2 m,3 kg,male/female,Key Ring
#0708,Phantump,Ghost/Grass,Fire/Ice/Flying/Ghost/Dark,0.4 m,7 kg,male/female,Stump
#0709,Trevenant,Ghost/Grass,Fire/Ice/Flying/Ghost/Dark,1.5 m,71 kg,male/female,Elder Tree
#0710,Pumpkaboo-Average,Ghost/Grass,Fire/Ice/Flying/Ghost/Dark,0.4 m,5 kg,male/female,Pumpkin
#0711,Gourgeist-Average,Ghost/Grass,Fire/Ice/Flying/Ghost/Dark,0.9 m,12.5 kg,male/female,Pumpkin
#0712,Bergmite,Ice,Fire/Fighting/Rock/Steel,1 m,99.5 kg,male/female,Ice Chunk
#0713,Avalugg,Ice,Fire/Fighting/Rock/Steel,2 m,505 kg,male/female,Iceberg
#0714,Noibat,Flying/Dragon,Ice/Rock/Dragon/Fairy,0.5 m,8 kg,male/female,Sound Wave
#0715,Noivern,Flying/Dragon,Ice/Rock/Dragon/Fairy,1.5 m,85 kg,male/female,Sound Wave
#0716,Xerneas,Fairy,Poison/Steel,3 m,215 kg,genderless,Life
#0717,Yveltal,Dark/Flying,Electric/Ice/Rock/Fairy,5.8 m,203 kg,genderless,Destruction
#0718,Zygarde-50,Dragon/Ground,Ice/Dragon/Fairy,5 m,305 kg,genderless,Order
#0719,Diancie,Rock/Fairy,Water/Grass/Ground/Steel,0.7 m,8.8 kg,genderless,Jewel
#0720,Hoopa,Psychic/Ghost,Ghost/Dark,0.5 m,9 kg,genderless,Mischief
#0721,Volcanion,Fire/Water,Electric/Ground/Rock,1.7 m,195 kg,genderless,Steam
#0722,Rowlet,Grass/Flying,Fire/Ice/Poison/Flying/Rock,0.3 m,1.5 kg,male/female,Grass Quill
#0723,Dartrix,Grass/Flying,Fire/Ice/Poison/Flying/Rock,0.7 m,16 kg,male/female,Blade Quill
#0724,Decidueye,Grass/Ghost,Fire/Ice/Flying/Ghost/Dark,1.6 m,36.6 kg,male/female,Arrow Quill
#0725,Litten,Fire,Water/Ground/Rock,0.4 m,4.3 kg,male/female,Fire Cat
#0726,Torracat,Fire,Water/Ground/Rock,0.7 m,25 kg,male/female,Fire Cat
#0727,Incineroar,Fire/Dark,Water/Fighting/Ground/Rock,1.8 m,83 kg,male/female,Heel
#0728,Popplio,Water,Electric/Grass,0.4 m,7.5 kg,male/female,Sea Lion
#0729,Brionne,Water,Electric/Grass,0.6 m,17.5 kg,male/female,Pop Star
#0730,Primarina,Water/Fairy,Electric/Grass/Poison,1.8 m,44 kg,male/female,Soloist
#0731,Pikipek,Normal/Flying,Electric/Ice/Rock,0.3 m,1.2 kg,male/female,Woodpecker
#0732,Trumbeak,Normal/Flying,Electric/Ice/Rock,0.6 m,14.8 kg,male/female,Bugle Beak
#0733,Toucannon,Normal/Flying,Electric/Ice/Rock,1.1 m,26 kg,male/female,Cannon
#0734,Yungoos,Normal,Fighting,0.4 m,6 kg,male/female,Loitering
#0735,Gumshoos,Normal,Fighting,0.7 m,14.2 kg,male/female,Stakeout
#0736,Grubbin,Bug,Fire/Flying/Rock,0.4 m,4.4 kg,male/female,Larva
#0737,Charjabug,Bug/Electric,Fire/Rock,0.5 m,10.5 kg,male/female,Battery
#0738,Vikavolt,Bug/Electric,Fire/Rock,1.5 m,45 kg,male/female,Stag Beetle
#0739,Crabrawler,Fighting,Flying/Psychic/Fairy,0.6 m,7 kg,male/female,Boxing
#0740,Crabominable,Fighting/Ice,Fire/Fighting/Flying/Psychic/Steel/Fairy,1.7 m,180 kg,male/female,Woolly Crab
#0741,Oricorio-Baile,Fire/Flying,Water/Electric/Rock,0.6 m,3.4 kg,male/female,Dancing
#0742,Cutiefly,Bug/Fairy,Fire/Poison/Flying/Rock/Steel,0.1 m,0.2 kg,male/female,Bee Fly
#0743,Ribombee,Bug/Fairy,Fire/Poison/Flying/Rock/Steel,0.2 m,0.5 kg,male/female,Bee Fly
#0744,Rockruff,Rock,Water/Grass/Fighting/Ground/Steel,0.5 m,9.2 kg,male/female,Puppy
#0745,Lycanroc-Midday,Rock,Water/Grass/Fighting/Ground/Steel,0.8 m,25 kg,male/female,Wolf
#0746,Wishiwashi-Solo,Water,Electric/Grass,0.2 m,0.3 kg,male/female,Small Fry
#0747,Mareanie,Poison/Water,Electric/Ground/Psychic,0.4 m,8 kg,male/female,Brutal Star
#0748,Toxapex,Poison/Water,Electric/Ground/Psychic,0.7 m,14.5 kg,male/female,Brutal Star
#0749,Mudbray,Ground,Water/Grass/Ice,1 m,110 kg,male/female,Donkey
#0750,Mudsdale,Ground,Water/Grass/Ice,2.5 m,920 kg,male/female,Draft Horse
#0751,Dewpider,Water/Bug,Electric/Flying/Rock,0.3 m,4 kg,male/female,Water Bubble
#0752,Araquanid,Water/Bug,Electric/Flying/Rock,1.8 m,82 kg,male/female,Water Bubble
#0753,Fomantis,Grass,Fire/Ice/Poison/Flying/Bug,0.3 m,1.5 kg,male/female,Sickle Grass
#0754,Lurantis,Grass,Fire/Ice/Poison/Flying/Bug,0.9 m,18.5 kg,male/female,Bloom Sickle
#0755,Morelull,Grass/Fairy,Fire/Ice/Poison/Flying/Steel,0.2 m,1.5 kg,male/female,Illuminating
#0756,Shiinotic,Grass/Fairy,Fire/Ice/Poison/Flying/Steel,1 m,11.5 kg,male/female,Illuminating
#0757,Salandit,Poison/Fire,Water/Ground/Psychic/Rock,0.6 m,4.8 kg,male/female,Toxic Lizard
#0758,Salazzle,Poison/Fire,Water/Ground/Psychic/Rock,1.2 m,22.2 kg,female,Toxic Lizard
#0759,Stufful,Normal/Fighting,Fighting/Flying/Psychic/Fairy,0.5 m,6.8 kg,male/female,Flailing
#0760,Bewear,Normal/Fighting,Fighting/Flying/Psychic/Fairy,2.1 m,135 kg,male/female,Strong Arm
#0761,Bounsweet,Grass,Fire/Ice/Poison/Flying/Bug,0.3 m,3.2 kg,female,Fruit
#0762,Steenee,Grass,Fire/Ice/Poison/Flying/Bug,0.7 m,8.2 kg,female,Fruit
#0763,Tsareena,Grass,Fire/Ice/Poison/Flying/Bug,1.2 m,21.4 kg,female,Fruit
#0764,Comfey,Fairy,Poison/Steel,0.1 m,0.3 kg,male/female,Posy Picker
#0765,Oranguru,Normal/Psychic,Bug/Dark,1.5 m,76 kg,male/female,Sage
#0766,Passimian,Fighting,Flying/Psychic/Fairy,2 m,82.8 kg,male/female,Teamwork
#0767,Wimpod,Bug/Water,Electric/Flying/Rock,0.5 m,12 kg,male/female,Turn Tail
#0768,Golisopod,Bug/Water,Electric/Flying/Rock,2 m,108 kg,male/female,Hard Scale
#0769,Sandygast,Ghost/Ground,Water/Grass/Ice/Ghost/Dark,0.5 m,70 kg,male/female,Sand Heap
#0770,Palossand,Ghost/Ground,Water/Grass/Ice/Ghost/Dark,1.3 m,250 kg,male/female,Sand Castle
#0771,Pyukumuku,Water,Electric/Grass,0.3 m,1.2 kg,male/female,Sea Cucumber
#0772,Type-Null,Normal,Fighting,1.9 m,120.5 kg,genderless,Synthetic
#0773,Silvally,Normal,Fighting,2.3 m,100.5 kg,genderless,Synthetic
#0774,Minior-Red-Meteor,Rock/Flying,Water/Electric/Ice/Rock/Steel,0.3 m,40 kg,genderless,Meteor
#0775,Komala,Normal,Fighting,0.4 m,19.9 kg,male/female,Drowsing
#0776,Turtonator,Fire/Dragon,Ground/Rock/Dragon,2 m,212 kg,male/female,Blast Turtle
#0777,Togedemaru,Electric/Steel,Fire/Ground,0.3 m,3.3 kg,male/female,Roly-Poly
#0778,Mimikyu-Disguised,Ghost/Fairy,Ghost/Steel,0.2 m,0.7 kg,male/female,Disguise
#0779,Bruxish,Water/Psychic,Electric/Grass/Bug/Ghost/Dark,0.9 m,19 kg,male/female,Gnash Teeth
#0780,Drampa,Normal/Dragon,Ice/Fighting/Dragon/Fairy,3 m,185 kg,male/female,Placid
#0781,Dhelmise,Ghost/Grass,Fire/Ice/Flying/Ghost/Dark,3.9 m,210 kg,genderless,Sea Creeper
#0782,Jangmo-O,Dragon,Ice/Dragon/Fairy,0.6 m,29.7 kg,male/female,Scaly
#0783,Hakamo-O,Dragon/Fighting,Ice/Flying/Psychic/Dragon/Fairy,1.2 m,47 kg,male/female,Scaly
#0784,Kommo-O,Dragon/Fighting,Ice/Flying/Psychic/Dragon/Fairy,1.6 m,78.2 kg,male/female,Scaly
#0785,Tapu-Koko,Electric/Fairy,Poison/Ground,1.8 m,20.5 kg,genderless,Land Spirit
#0786,Tapu-Lele,Psychic/Fairy,Poison/Ghost/Steel,1.2 m,18.6 kg,genderless,Land Spirit
#0787,Tapu-Bulu,Grass/Fairy,Fire/Ice/Poison/Flying/Steel,1.9 m,45.5 kg,genderless,Land Spirit
#0788,Tapu-Fini,Water/Fairy,Electric/Grass/Poison,1.3 m,21.2 kg,genderless,Land Spirit
#0789,Cosmog,Psychic,Bug/Ghost/Dark,0.2 m,0.1 kg,genderless,Nebula
#0790,Cosmoem,Psychic,Bug/Ghost/Dark,0.1 m,999.9 kg,genderless,Protostar
#0791,Solgaleo,Psychic/Steel,Fire/Ground/Ghost/Dark,3.4 m,230 kg,genderless,Sunne
#0792,Lunala,Psychic/Ghost,Ghost/Dark,4 m,120 kg,genderless,Moone
#0793,Nihilego,Rock/Poison,Water/Ground/Psychic/Steel,1.2 m,55.5 kg,genderless,Parasite
#0794,Buzzwole,Bug/Fighting,Fire/Flying/Psychic/Fairy,2.4 m,333.6 kg,genderless,Swollen
#0795,Pheromosa,Bug/Fighting,Fire/Flying/Psychic/Fairy,1.8 m,25 kg,genderless,Lissome
#0796,Xurkitree,Electric,Ground,3.8 m,100 kg,genderless,Glowing
#0797,Celesteela,Steel/Flying,Fire/Electric,9.2 m,999.9 kg,genderless,Launch
#0798,Kartana,Grass/Steel,Fire,0.3 m,0.1 kg,genderless,Drawn Sword
#0799,Guzzlord,Dark/Dragon,Ice/Fighting/Bug/Dragon/Fairy,5.5 m,888 kg,genderless,Junkivore
#0800,Necrozma,Psychic,Bug/Ghost/Dark,2.4 m,230 kg,genderless,Prism
#0801,Magearna,Steel/Fairy,Fire/Ground/Steel,1 m,80.5 kg,genderless,Artificial
#0802,Marshadow,Fighting/Ghost,Flying/Psychic/Ghost/Fairy,0.7 m,22.2 kg,genderless,Gloomdweller
#0803,Poipole,Poison,Ground/Psychic,0.6 m,1.8 kg,genderless,Poison Pin
#0804,Naganadel,Poison/Dragon,Ice/Ground/Psychic/Dragon,3.6 m,150 kg,genderless,Poison Pin
#0805,Stakataka,Rock/Steel,Water/Fighting/Ground/Steel,5.5 m,820 kg,genderless,Rampart
#0806,Blacephalon,Fire/Ghost,Water/Ground/Rock/Ghost/Dark,1.8 m,13 kg,genderless,Fireworks
#0807,Zeraora,Electric,Ground,1.5 m,44.5 kg,genderless,Thunderclap
#0808,Meltan,Steel,Fire/Ground,0.2 m,8 kg,genderless,Hex Nut
#0809,Melmetal,Steel,Fire/Ground,2.5 m,800 kg,genderless,Hex Nut
#0810,Grookey,Grass,Fire/Ice/Poison/Flying/Bug,0.3 m,5 kg,male/female,Chimp
#0811,Thwackey,Grass,Fire/Ice/Poison/Flying/Bug,0.7 m,14 kg,male/female,Beat
#0812,Rillaboom,Grass,Fire/Ice/Poison/Flying/Bug,2.1 m,90 kg,male/female,Drummer
#0813,Scorbunny,Fire,Water/Ground/Rock,0.3 m,4.5 kg,male/female,Rabbit
#0814,Raboot,Fire,Water/Ground/Rock,0.6 m,9 kg,male/female,Rabbit
#0815,Cinderace,Fire,Water/Ground/Rock,1.4 m,33 kg,male/female,Striker
#0816,Sobble,Water,Electric/Grass,0.3 m,4 kg,male/female,Water Lizard
#0817,Drizzile,Water,Electric/Grass,0.7 m,11.5 kg,male/female,Water Lizard
#0818,Inteleon,Water,Electric/Grass,1.9 m,45.2 kg,male/female,Secret Agent
#0819,Skwovet,Normal,Fighting,0.3 m,2.5 kg,male/female,Cheeky
#0820,Greedent,Normal,Fighting,0.6 m,6 kg,male/female,Greedy
#0821,Rookidee,Flying,Electric/Ice/Rock,0.2 m,1.8 kg,male/female,Tiny Bird
#0822,Corvisquire,Flying,Electric/Ice/Rock,0.8 m,16 kg,male/female,Raven
#0823,Corviknight,Flying/Steel,Fire/Electric,2.2 m,75 kg,male/female,Raven
#0824,Blipbug,Bug,Fire/Flying/Rock,0.4 m,8 kg,male/female,Larva
#0825,Dottler,Bug/Psychic,Fire/Flying/Bug/Rock/Ghost/Dark,0.4 m,19.5 kg,male/female,Radome
#0826,Orbeetle,Bug/Psychic,Fire/Flying/Bug/Rock/Ghost/Dark,0.4 m,40.8 kg,male/female,Seven Spot
#0827,Nickit,Dark,Fighting/Bug/Fairy,0.6 m,8.9 kg,male/female,Fox
#0828,Thievul,Dark,Fighting/Bug/Fairy,1.2 m,19.9 kg,male/female,Fox
#0829,Gossifleur,Grass,Fire/Ice/Poison/Flying/Bug,0.4 m,2.2 kg,male/female,Flowering
#0830,Eldegoss,Grass,Fire/Ice/Poison/Flying/Bug,0.5 m,2.5 kg,male/female,Cotton Bloom
#0831,Wooloo,Normal,Fighting,0.6 m,6 kg,male/female,Sheep
#0832,Dubwool,Normal,Fighting,1.3 m,43 kg,male/female,Sheep
#0833,Chewtle,Water,Electric/Grass,0.3 m,8.5 kg,male/female,Snapping
#0834,Drednaw,Water/Rock,Electric/Grass/Fighting/Ground,1 m,115.5 kg,male/female,Bite
#0835,Yamper,Electric,Ground,0.3 m,13.5 kg,male/female,Puppy
#0836,Boltund,Electric,Ground,1 m,34 kg,male/female,Dog
#0837,Rolycoly,Rock,Water/Grass/Fighting/Ground/Steel,0.3 m,12 kg,male/female,Coal
#0838,Carkol,Rock/Fire,Water/Fighting/Ground/Rock,1.1 m,78 kg,male/female,Coal
#0839,Coalossal,Rock/Fire,Water/Fighting/Ground/Rock,2.8 m,310.5 kg,male/female,Coal
#0840,Applin,Grass/Dragon,Ice/Poison/Flying/Bug/Dragon/Fairy,0.2 m,0.5 kg,male/female,Apple Core
#0841,Flapple,Grass/Dragon,Ice/Poison/Flying/Bug/Dragon/Fairy,0.3 m,1 kg,male/female,Apple Wing
#0842,Appletun,Grass/Dragon,Ice/Poison/Flying/Bug/Dragon/Fairy,0.4 m,13 kg,male/female,Apple Nectar
#0843,Silicobra,Ground,Water/Grass/Ice,2.2 m,7.6 kg,male/female,Sand Snake
#0844,Sandaconda,Ground,Water/Grass/Ice,3.8 m,65.5 kg,male/female,Sand Snake
#0845,Cramorant,Flying/Water,Electric/Rock,0.8 m,18 kg,male/female,Gulp
#0846,Arrokuda,Water,Electric/Grass,0.5 m,1 kg,male/female,Rush
#0847,Barraskewda,Water,Electric/Grass,1.3 m,30 kg,male/female,Skewer
#0848,Toxel,Electric/Poison,Ground/Psychic,0.4 m,11 kg,male/female,Baby
#0849,Toxtricity-Amped,Electric/Poison,Ground/Psychic,1.6 m,40 kg,male/female,Punk
#0850,Sizzlipede,Fire/Bug,Water/Flying/Rock,0.7 m,1 kg,male/female,Radiator
#0851,Centiskorch,Fire/Bug,Water/Flying/Rock,3 m,120 kg,male/female,Radiator
#0852,Clobbopus,Fighting,Flying/Psychic/Fairy,0.6 m,4 kg,male/female,Tantrum
#0853,Grapploct,Fighting,Flying/Psychic/Fairy,1.6 m,39 kg,male/female,Jujitsu
#0854,Sinistea,Ghost,Ghost/Dark,0.1 m,0.2 kg,genderless,Black Tea
#0855,Polteageist,Ghost,Ghost/Dark,0.2 m,0.4 kg,genderless,Black Tea
#0856,Hatenna,Psychic,Bug/Ghost/Dark,0.4 m,3.4 kg,female,Calm
#0857,Hattrem,Psychic,Bug/Ghost/Dark,0.6 m,4.8 kg,female,Serene
#0858,Hatterene,Psychic/Fairy,Poison/Ghost/Steel,2.1 m,5.1 kg,female,Silent
#0859,Impidimp,Dark/Fairy,Poison/Steel/Fairy,0.4 m,5.5 kg,male,Wily
#0860,Morgrem,Dark/Fairy,Poison/Steel/Fairy,0.8 m,12.5 kg,male,Devious
#0861,Grimmsnarl,Dark/Fairy,Poison/Steel/Fairy,1.5 m,61 kg,male,Bulk Up
#0862,Obstagoon,Dark/Normal,Fighting/Bug/Fairy,1.6 m,46 kg,male/female,Blocking
#0863,Perrserker,Steel,Fire/Ground,0.8 m,28 kg,male/female,Viking
#0864,Cursola,Ghost,Ghost/Dark,1 m,0.4 kg,male/female,Coral
#0865,Sirfetchd,Fighting,Flying/Psychic/Fairy,0.8 m,117 kg,male/female,Wild Duck
#0866,Mr-Rime,Ice/Psychic,Fire/Bug/Rock/Ghost/Dark/Steel,1.5 m,58.2 kg,male/female,Comedian
#0867,Runerigus,Ground/Ghost,Water/Grass/Ice/Ghost/Dark,1.6 m,66.6 kg,male/female,Grudge
#0868,Milcery,Fairy,Poison/Steel,0.2 m,0.3 kg,female,Cream
#0869,Alcremie,Fairy,Poison/Steel,0.3 m,0.5 kg,female,Cream
#0870,Falinks,Fighting,Flying/Psychic/Fairy,3 m,62 kg,genderless,Formation
#0871,Pincurchin,Electric,Ground,0.3 m,1 kg,male/female,Sea Urchin
#0872,Snom,Ice/Bug,Fire/Flying/Rock/Steel,0.3 m,3.8 kg,male/female,Worm
#0873,Frosmoth,Ice/Bug,Fire/Flying/Rock/Steel,1.3 m,42 kg,male/female,Frost Moth
#0874,Stonjourner,Rock,Water/Grass/Fighting/Ground/Steel,2.5 m,520 kg,male/female,Big Rock
#0875,Eiscue-Ice,Ice,Fire/Fighting/Rock/Steel,1.4 m,89 kg,male/female,Penguin
#0876,Indeedee-Male,Psychic/Normal,Bug/Dark,0.9 m,28 kg,male/female,Emotion
#0877,Morpeko-Full-Belly,Electric/Dark,Fighting/Ground/Bug/Fairy,0.3 m,3 kg,male/female,Two-Sided
#0878,Cufant,Steel,Fire/Ground,1.2 m,100 kg,male/female,Copperderm
#0879,Copperajah,Steel,Fire/Ground,3 m,650 kg,male/female,Copperderm
#0880,Dracozolt,Electric/Dragon,Ice/Ground/Dragon/Fairy,1.8 m,190 kg,genderless,Fossil
#0881,Arctozolt,Electric/Ice,Fire/Fighting/Ground/Rock,2.3 m,150 kg,genderless,Fossil
#0882,Dracovish,Water/Dragon,Dragon/Fairy,2.3 m,215 kg,genderless,Fossil
#0883,Arctovish,Water/Ice,Electric/Grass/Fighting/Rock,2 m,175 kg,genderless,Fossil
#0884,Duraludon,Steel/Dragon,Ground,1.8 m,40 kg,male/female,Alloy
#0885,Dreepy,Dragon/Ghost,Ice/Ghost/Dragon/Dark/Fairy,0.5 m,2 kg,male/female,Lingering
#0886,Drakloak,Dragon/Ghost,Ice/Ghost/Dragon/Dark/Fairy,1.4 m,11 kg,male/female,Caretaker
#0887,Dragapult,Dragon/Ghost,Ice/Ghost/Dragon/Dark/Fairy,3 m,50 kg,male/female,Stealth
#0888,Zacian,Fairy,Poison/Steel,2.8 m,110 kg,genderless,Warrior
#0889,Zamazenta,Fighting,Flying/Psychic/Fairy,2.9 m,210 kg,genderless,Warrior
#0890,Eternatus,Poison/Dragon,Ice/Ground/Psychic/Dragon,20 m,950 kg,genderless,Gigantic
#0891,Kubfu,Fighting,Flying/Psychic/Fairy,0.6 m,12 kg,male/female,Wushu
#0892,Urshifu-Single-Strike,Fighting/Dark,Fighting/Flying/Fairy,1.9 m,105 kg,male/female,Wushu
#0893,Zarude,Dark/Grass,Fire/Ice/Fighting/Poison/Flying/Bug/Fairy,1.8 m,70 kg,genderless,Rogue Monkey
#0894,Regieleki,Electric,Ground,1.2 m,145 kg,genderless,Electron
#0895,Regidrago,Dragon,Ice/Dragon/Fairy,2.1 m,200 kg,genderless,Dragon Orb
#0896,Glastrier,Ice,Fire/Fighting/Rock/Steel,2.2 m,800 kg,genderless,Wild Horse
#0897,Spectrier,Ghost,Ghost/Dark,2 m,44.5 kg,genderless,Swift Horse
#0898,Calyrex,Psychic/Grass,Fire/Ice/Poison/Flying/Bug/Ghost/Dark,1.1 m,7.7 kg,genderless,King
#0899,Wyrdeer,Normal/Psychic,Bug/Dark,1.8 m,95.1 kg,male/female,Big Horn
#0900,Kleavor,Bug/Rock,Water/Rock/Steel,1.8 m,89 kg,male/female,Axe
#0901,Ursaluna,Ground/Normal,Water/Grass/Ice/Fighting,2.4 m,290 kg,male/female,Peat
#0902,Basculegion-Male,Water/Ghost,Electric/Grass/Ghost/Dark,3 m,110 kg,male/female,Big Fish
#0903,Sneasler,Fighting/Poison,Ground/Flying/Psychic,1.3 m,43 kg,male/female,Free Climb
#0904,Overqwil,Dark/Poison,Ground,2.5 m,60.5 kg,male/female,Pin Cluster
#0905,Enamorus-Incarnate,Fairy/Flying,Electric/Ice/Poison/Rock/Steel,1.6 m,48 kg,female,Love-Hate
#0906,Sprigatito,Grass,Fire/Ice/Poison/Flying/Bug,0.4 m,4.1 kg,male/female,Grass Cat
#0907,Floragato,Grass,Fire/Ice/Poison/Flying/Bug,0.9 m,12.2 kg,male/female,Grass Cat
#0908,Meowscarada,Grass/Dark,Fire/Ice/Fighting/Poison/Flying/Bug/Fairy,1.5 m,31.2 kg,male/female,Magician
#0909,Fuecoco,Fire,Water/Ground/Rock,0.4 m,9.8 kg,male/female,Fire Croc
#0910,Crocalor,Fire,Water/Ground/Rock,1 m,30.7 kg,male/female,Fire Croc
#0911,Skeledirge,Fire/Ghost,Water/Ground/Rock/Ghost/Dark,1.6 m,326.5 kg,male/female,Singer
#0912,Quaxly,Water,Electric/Grass,0.5 m,6.1 kg,male/female,Duckling
#0913,Quaxwell,Water,Electric/Grass,1.2 m,21.5 kg,male/female,Practicing
#0914,Quaquaval,Water/Fighting,Electric/Grass/Flying/Psychic/Fairy,1.8 m,61.9 kg,male/female,Dancer
#0915,Lechonk,Normal,Fighting,0.5 m,10.2 kg,male/female,Hog
#0916,Oinkologne-Male,Normal,Fighting,1 m,120 kg,male,Hog
#0917,Tarountula,Bug,Fire/Flying/Rock,0.3 m,4 kg,male/female,String Ball
#0918,Spidops,Bug,Fire/Flying/Rock,1 m,16.5 kg,male/female,Trap
#0919,Nymble,Bug,Fire/Flying/Rock,0.2 m,1 kg,male/female,Grasshopper
#0920,Lokix,Bug/Dark,Fire/Flying/Bug/Rock/Fairy,1 m,17.5 kg,male/female,Grasshopper
#0921,Pawmi,Electric,Ground,0.3 m,2.5 kg,male/female,Mouse
#0922,Pawmo,Electric/Fighting,Ground/Psychic/Fairy,0.4 m,6.5 kg,male/female,Mouse
#0923,Pawmot,Electric/Fighting,Ground/Psychic/Fairy,0.9 m,41 kg,male/female,Hands-On
#0924,Tandemaus,Normal,Fighting,0.3 m,1.8 kg,genderless,Couple
#0925,Maushold-Family-Of-Four,Normal,Fighting,0.3 m,2.8 kg,genderless,Family
#0926,Fidough,Fairy,Poison/Steel,0.3 m,10.9 kg,male/female,Puppy
#0927,Dachsbun,Fairy,Poison/Steel,0.5 m,14.9 kg,male/female,Dog
#0928,Smoliv,Grass/Normal,Fire/Ice/Fighting/Poison/Flying/Bug,0.3 m,6.5 kg,male/female,Olive
#0929,Dolliv,Grass/Normal,Fire/Ice/Fighting/Poison/Flying/Bug,0.6 m,11.9 kg,male/female,Olive
#0930,Arboliva,Grass/Normal,Fire/Ice/Fighting/Poison/Flying/Bug,1.4 m,48.2 kg,male/female,Olive
#0931,Squawkabilly-Green-Plumage,Normal/Flying,Electric/Ice/Rock,0.6 m,2.4 kg,male/female,Parrot
#0932,Nacli,Rock,Water/Grass/Fighting/Ground/Steel,0.4 m,16 kg,male/female,Rock Salt
#0933,Naclstack,Rock,Water/Grass/Fighting/Ground/Steel,0.6 m,105 kg,male/female,Rock Salt
#0934,Garganacl,Rock,Water/Grass/Fighting/Ground/Steel,2.3 m,240 kg,male/female,Rock Salt
#0935,Charcadet,Fire,Water/Ground/Rock,0.6 m,10.5 kg,male/female,Fire Child
#0936,Armarouge,Fire/Psychic,Water/Ground/Rock/Ghost/Dark,1.5 m,85 kg,male/female,Fire Warrior
#0937,Ceruledge,Fire/Ghost,Water/Ground/Rock/Ghost/Dark,1.6 m,62 kg,male/female,Fire Blades
#0938,Tadbulb,Electric,Ground,0.3 m,0.4 kg,male/female,EleTadpole
#0939,Bellibolt,Electric,Ground,1.2 m,113 kg,male/female,EleFrog
#0940,Wattrel,Electric/Flying,Ice/Rock,0.4 m,3.6 kg,male/female,Storm Petrel
#0941,Kilowattrel,Electric/Flying,Ice/Rock,1.4 m,38.6 kg,male/female,Frigatebird
#0942,Maschiff,Dark,Fighting/Bug/Fairy,0.5 m,16 kg,male/female,Rascal
#0943,Mabosstiff,Dark,Fighting/Bug/Fairy,1.1 m,61 kg,male/female,Boss
#0944,Shroodle,Poison/Normal,Ground/Psychic,0.2 m,0.7 kg,male/female,Toxic Mouse
#0945,Grafaiai,Poison/Normal,Ground/Psychic,0.7 m,27.2 kg,male/female,Toxic Monkey
#0946,Bramblin,Grass/Ghost,Fire/Ice/Flying/Ghost/Dark,0.6 m,0.6 kg,male/female,Tumbleweed
#0947,Brambleghast,Grass/Ghost,Fire/Ice/Flying/Ghost/Dark,1.2 m,6 kg,male/female,Tumbleweed
#0948,Toedscool,Ground/Grass,Fire/Ice/Flying/Bug,0.9 m,33 kg,male/female,Woodear
#0949,Toedscruel,Ground/Grass,Fire/Ice/Flying/Bug,1.9 m,58 kg,male/female,Woodear
#0950,Klawf,Rock,Water/Grass/Fighting/Ground/Steel,1.3 m,79 kg,male/female,Ambush
#0951,Capsakid,Grass,Fire/Ice/Poison/Flying/Bug,0.3 m,3 kg,male/female,Spicy Pepper
#0952,Scovillain,Grass/Fire,Poison/Flying/Rock,0.9 m,15 kg,male/female,Spicy Pepper
#0953,Rellor,Bug,Fire/Flying/Rock,0.2 m,1 kg,male/female,Rolling
#0954,Rabsca,Bug/Psychic,Fire/Flying/Bug/Rock/Ghost/Dark,0.3 m,3.5 kg,male/female,Rolling
#0955,Flittle,Psychic,Bug/Ghost/Dark,0.2 m,1.5 kg,male/female,Frill
#0956,Espathra,Psychic,Bug/Ghost/Dark,1.9 m,90 kg,male/female,Ostrich
#0957,Tinkatink,Fairy/Steel,Fire/Ground/Steel,0.4 m,8.9 kg,female,Metalsmith
#0958,Tinkatuff,Fairy/Steel,Fire/Ground/Steel,0.7 m,59.1 kg,female,Hammer
#0959,Tinkaton,Fairy/Steel,Fire/Ground/Steel,0.7 m,112.8 kg,female,Hammer
#0960,Wiglett,Water,Electric/Grass,1.2 m,1.8 kg,male/female,Garden Eel
#0961,Wugtrio,Water,Electric/Grass,1.2 m,5.4 kg,male/female,Garden Eel
#0962,Bombirdier,Flying/Dark,Electric/Ice/Rock/Fairy,1.5 m,42.9 kg,male/female,Item Drop
#0963,Finizen,Water,Electric/Grass,1.3 m,60.2 kg,male/female,Dolphin
#0964,Palafin-Zero,Water,Electric/Grass,1.3 m,60.2 kg,male/female,Dolphin
#0965,Varoom,Steel/Poison,Fire/Ground,1 m,35 kg,male/female,Single-Cyl
#0966,Revavroom,Steel/Poison,Fire/Ground,1.8 m,120 kg,male/female,Multi-Cyl
#0967,Cyclizar,Dragon/Normal,Ice/Fighting/Dragon/Fairy,1.6 m,63 kg,male/female,Mount
#0968,Orthworm,Steel,Fire/Ground,2.5 m,310 kg,male/female,Earthworm
#0969,Glimmet,Rock/Poison,Water/Ground/Psychic/Steel,0.7 m,8 kg,male/female,Ore
#0970,Glimmora,Rock/Poison,Water/Ground/Psychic/Steel,1.5 m,45 kg,male/female,Ore
#0971,Greavard,Ghost,Ghost/Dark,0.6 m,35 kg,male/female,Ghost Dog
#0972,Houndstone,Ghost,Ghost/Dark,2 m,15 kg,male/female,Ghost Dog
#0973,Flamigo,Flying/Fighting,Electric/Ice/Flying/Psychic/Fairy,1.6 m,37 kg,male/female,Synchronize
#0974,Cetoddle,Ice,Fire/Fighting/Rock/Steel,1.2 m,45 kg,male/female,Terra Whale
#0975,Cetitan,Ice,Fire/Fighting/Rock/Steel,4.5 m,700 kg,male/female,Terra Whale
#0976,Veluza,Water/Psychic,Electric/Grass/Bug/Ghost/Dark,2.5 m,90 kg,male/female,Jettison
#0977,Dondozo,Water,Electric/Grass,12 m,220 kg,male/female,Big Catfish
#0978,Tatsugiri-Curly,Dragon/Water,Dragon/Fairy,0.3 m,8 kg,male/female,Mimicry
#0979,Annihilape,Fighting/Ghost,Flying/Psychic/Ghost/Fairy,1.2 m,56 kg,male/female,Rage Monkey
#0980,Clodsire,Poison/Ground,Water/Ice/Ground/Psychic,1.8 m,223 kg,male/female,Spiny Fish
#0981,Farigiraf,Normal/Psychic,Bug/Dark,3.2 m,160 kg,male/female,Long Neck
#0982,Dudunsparce-Two-Segment,Normal,Fighting,3.6 m,39.2 kg,male/female,Land Snake
#0983,Kingambit,Dark/Steel,Fire/Fighting/Ground,2 m,120 kg,male/female,Big Blade
#0984,Great-Tusk,Ground/Fighting,Water/Grass/Ice/Flying/Psychic/Fairy,2.2 m,320 kg,genderless,Paradox
#0985,Scream-Tail,Fairy/Psychic,Poison/Ghost/Steel,1.2 m,8 kg,genderless,Paradox
#0986,Brute-Bonnet,Grass/Dark,Fire/Ice/Fighting/Poison/Flying/Bug/Fairy,1.2 m,21 kg,genderless,Paradox
#0987,Flutter-Mane,Ghost/Fairy,Ghost/Steel,1.4 m,4 kg,genderless,Paradox
#0988,Slither-Wing,Bug/Fighting,Fire/Flying/Psychic/Fairy,3.2 m,92 kg,genderless,Paradox
#0989,Sandy-Shocks,Electric/Ground,Water/Grass/Ice/Ground,2.3 m,60 kg,genderless,Paradox
#0990,Iron-Treads,Ground/Steel,Fire/Water/Ground,0.9 m,240 kg,genderless,Paradox
#0991,Iron-Bundle,Ice/Water,Electric/Grass/Fighting/Rock,0.6 m,11 kg,genderless,Paradox
#0992,Iron-Hands,Fighting/Electric,Ground/Psychic/Fairy,1.8 m,380.7 kg,genderless,Paradox
#0993,Iron-Jugulis,Dark/Flying,Electric/Ice/Rock/Fairy,1.3 m,111 kg,genderless,Paradox
#0994,Iron-Moth,Fire/Poison,Water/Ground/Psychic/Rock,1.2 m,36 kg,genderless,Paradox
#0995,Iron-Thorns,Rock/Electric,Water/Grass/Fighting/Ground,1.6 m,303 kg,genderless,Paradox
#0996,Frigibax,Dragon/Ice,Fighting/Rock/Dragon/Steel/Fairy,0.5 m,17 kg,male/female,Ice Fin
#0997,Arctibax,Dragon/Ice,Fighting/Rock/Dragon/Steel/Fairy,0.8 m,30 kg,male/female,Ice Fin
#0998,Baxcalibur,Dragon/Ice,Fighting/Rock/Dragon/Steel/Fairy,2.1 m,210 kg,male/female,Ice Dragon
#0999,Gimmighoul,Ghost,Ghost/Dark,0.3 m,5 kg,genderless,Coin Chest
#1000,Gholdengo,Steel/Ghost,Fire/Ground/Ghost/Dark,1.2 m,30 kg,genderless,Coin Entity
#1001,Wo-Chien,Dark/Grass,Fire/Ice/Fighting/Poison/Flying/Bug/Fairy,1.5 m,74.2 kg,genderless,Ruinous
#1002,Chien-Pao,Dark/Ice,Fire/Fighting/Bug/Rock/Steel/Fairy,1.9 m,152.2 kg,genderless,Ruinous
#1003,Ting-Lu,Dark/Ground,Water/Grass/Ice/Fighting/Bug/Fairy,2.7 m,699.7 kg,genderless,Ruinous
#1004,Chi-Yu,Dark/Fire,Water/Fighting/Ground/Rock,0.4 m,4.9 kg,genderless,Ruinous
#1005,Roaring-Moon,Dragon/Dark,Ice/Fighting/Bug/Dragon/Fairy,2 m,380 kg,genderless,Paradox
#1006,Iron-Valiant,Fairy/Fighting,Poison/Flying/Psychic/Steel/Fairy,1.4 m,35 kg,genderless,Paradox
#1007,Koraidon,Fighting/Dragon,Ice/Flying/Psychic/Dragon/Fairy,2.5 m,303 kg,genderless,Paradox
#1008,Miraidon,Electric/Dragon,Ice/Ground/Dragon/Fairy,3.5 m,240 kg,genderless,Paradox
#1009,Walking-Wake,Water/Dragon,Dragon/Fairy,3.5 m,280 kg,genderless,Paradox
#1010,Iron-Leaves,Grass/Psychic,Fire/Ice/Poison/Flying/Bug/Ghost/Dark,1.5 m,125 kg,genderless,Paradox
#1011,Dipplin,Grass/Dragon,Ice/Poison/Flying/Bug/Dragon/Fairy,0.4 m,9.7 kg,male/female,Candy Apple
#1012,Poltchageist,Grass/Ghost,Fire/Ice/Flying/Ghost/Dark,0.1 m,1.1 kg,genderless,Matcha
#1013,Sinistcha,Grass/Ghost,Fire/Ice/Flying/Ghost/Dark,0.2 m,2.2 kg,genderless,Matcha
#1014,Okidogi,Poison/Fighting,Ground/Flying/Psychic,1.8 m,92.2 kg,male,Retainer
#1015,Munkidori,Poison/Psychic,Ground/Ghost/Dark,1 m,12.2 kg,male,Retainer
#1016,Fezandipiti,Poison/Fairy,Ground/Psychic/Steel,1.4 m,30.1 kg,male,Retainer
#1017,Ogerpon,Grass,Fire/Ice/Poison/Flying/Bug,1.2 m,39.8 kg,female,Mask
#1018,Archaludon,Steel/Dragon,Ground,2 m,60 kg,male/female,Alloy
#1019,Hydrapple,Grass/Dragon,Ice/Poison/Flying/Bug/Dragon/Fairy,1.8 m,93 kg,male/female,Apple Hydra
#1020,Gouging-Fire,Fire/Dragon,Ground/Rock/Dragon,3.5 m,590 kg,genderless,Paradox
#1021,Raging-Bolt,Electric/Dragon,Ice/Ground/Dragon/Fairy,5.2 m,480 kg,genderless,Paradox
#1022,Iron-Boulder,Rock/Psychic,Water/Grass/Ground/Bug/Ghost/Dark/Steel,1.5 m,162.5 kg,genderless,Paradox
#1023,Iron-Crown,Steel/Psychic,Fire/Ground/Ghost/Dark,1.6 m,156 kg,genderless,Paradox
#1024,Terapagos,Normal,Fighting,0.2 m,6.5 kg,male/female,Tera
#1025,Pecharunt,Poison/Ghost,Ground/Psychic/Ghost/Dark,0.3 m,0.3 kg,genderless,Subjugation
